2025-09-19 02:06:03,027 - INFO - Loaded 10 devices
2025-09-19 02:06:03,114 - INFO - 4 changes detected
2025-09-19 02:06:19,213 - INFO - API Request - IP: 127.0.0.1 | Endpoint: /api/devices | Method: GET | Details: Fetching all devices
2025-09-19 02:06:21,666 - INFO - 1 change detected
2025-09-19 02:06:24,331 - INFO - API Request - IP: 127.0.0.1 | Endpoint: /api/devices/connect | Method: POST | Details: Connecting devices: ['med-ecg-001', 'med-infusionpump-002', 'med-pulseoximeter-003', 'med-ventilator-004', 'med-bloodpressuremonitor-005', 'med-glucometer-006', 'med-thermometer-007', 'med-defibrillator-008', 'med-eeg-009', 'med-ultrasound-010']
2025-09-19 02:06:24,368 - INFO - Creating client for connecting using MQTT over TCP
2025-09-19 02:06:24,397 - INFO - Connecting to Hub...
2025-09-19 02:06:24,398 - INFO - Connect using port 8883 (TCP)
2025-09-19 02:06:25,536 - INFO - connected with result code: 0
2025-09-19 02:06:25,536 - INFO - _on_mqtt_connected called
2025-09-19 02:06:25,536 - INFO - Connection State - Connected
2025-09-19 02:06:25,538 - INFO - Successfully connected to Hub
2025-09-19 02:06:25,548 - INFO - Creating client for connecting using MQTT over TCP
2025-09-19 02:06:25,565 - INFO - Connecting to Hub...
2025-09-19 02:06:25,567 - INFO - Connect using port 8883 (TCP)
2025-09-19 02:06:26,715 - INFO - connected with result code: 0
2025-09-19 02:06:26,716 - INFO - _on_mqtt_connected called
2025-09-19 02:06:26,716 - INFO - Connection State - Connected
2025-09-19 02:06:26,716 - INFO - Successfully connected to Hub
2025-09-19 02:06:26,732 - INFO - Creating client for connecting using MQTT over TCP
2025-09-19 02:06:26,749 - INFO - Connecting to Hub...
2025-09-19 02:06:26,749 - INFO - Connect using port 8883 (TCP)
2025-09-19 02:06:27,864 - INFO - connected with result code: 0
2025-09-19 02:06:27,865 - INFO - _on_mqtt_connected called
2025-09-19 02:06:27,868 - INFO - Connection State - Connected
2025-09-19 02:06:27,870 - INFO - Successfully connected to Hub
2025-09-19 02:06:27,953 - INFO - Creating client for connecting using MQTT over TCP
2025-09-19 02:06:27,977 - INFO - Connecting to Hub...
2025-09-19 02:06:27,978 - INFO - Connect using port 8883 (TCP)
2025-09-19 02:06:29,125 - INFO - connected with result code: 0
2025-09-19 02:06:29,128 - INFO - _on_mqtt_connected called
2025-09-19 02:06:29,131 - INFO - Connection State - Connected
2025-09-19 02:06:29,135 - INFO - Successfully connected to Hub
2025-09-19 02:06:29,219 - INFO - Creating client for connecting using MQTT over TCP
2025-09-19 02:06:29,343 - INFO - Connecting to Hub...
2025-09-19 02:06:29,346 - INFO - Connect using port 8883 (TCP)
2025-09-19 02:06:30,438 - INFO - connected with result code: 0
2025-09-19 02:06:30,441 - INFO - _on_mqtt_connected called
2025-09-19 02:06:30,445 - INFO - Connection State - Connected
2025-09-19 02:06:30,448 - INFO - Successfully connected to Hub
2025-09-19 02:06:30,541 - INFO - Creating client for connecting using MQTT over TCP
2025-09-19 02:06:30,591 - INFO - Connecting to Hub...
2025-09-19 02:06:30,593 - INFO - Connect using port 8883 (TCP)
2025-09-19 02:06:31,737 - INFO - connected with result code: 0
2025-09-19 02:06:31,742 - INFO - _on_mqtt_connected called
2025-09-19 02:06:31,745 - INFO - Connection State - Connected
2025-09-19 02:06:31,748 - INFO - Successfully connected to Hub
2025-09-19 02:06:31,806 - INFO - Creating client for connecting using MQTT over TCP
2025-09-19 02:06:31,866 - INFO - Connecting to Hub...
2025-09-19 02:06:31,867 - INFO - Connect using port 8883 (TCP)
2025-09-19 02:06:32,037 - INFO - 1 change detected
2025-09-19 02:06:32,955 - INFO - connected with result code: 0
2025-09-19 02:06:32,958 - INFO - _on_mqtt_connected called
2025-09-19 02:06:32,962 - INFO - Connection State - Connected
2025-09-19 02:06:32,966 - INFO - Successfully connected to Hub
2025-09-19 02:06:33,061 - INFO - Creating client for connecting using MQTT over TCP
2025-09-19 02:06:33,115 - INFO - Connecting to Hub...
2025-09-19 02:06:33,118 - INFO - Connect using port 8883 (TCP)
2025-09-19 02:06:34,196 - INFO - connected with result code: 0
2025-09-19 02:06:34,198 - INFO - _on_mqtt_connected called
2025-09-19 02:06:34,199 - INFO - Connection State - Connected
2025-09-19 02:06:34,205 - INFO - Successfully connected to Hub
2025-09-19 02:06:34,294 - INFO - Creating client for connecting using MQTT over TCP
2025-09-19 02:06:34,336 - INFO - Connecting to Hub...
2025-09-19 02:06:34,338 - INFO - Connect using port 8883 (TCP)
2025-09-19 02:06:35,526 - INFO - connected with result code: 0
2025-09-19 02:06:35,528 - INFO - _on_mqtt_connected called
2025-09-19 02:06:35,530 - INFO - Connection State - Connected
2025-09-19 02:06:35,534 - INFO - Successfully connected to Hub
2025-09-19 02:06:35,590 - INFO - Creating client for connecting using MQTT over TCP
2025-09-19 02:06:35,612 - INFO - Connecting to Hub...
2025-09-19 02:06:35,613 - INFO - Connect using port 8883 (TCP)
2025-09-19 02:06:36,725 - INFO - connected with result code: 0
2025-09-19 02:06:36,725 - INFO - _on_mqtt_connected called
2025-09-19 02:06:36,727 - INFO - Connection State - Connected
2025-09-19 02:06:36,728 - INFO - Successfully connected to Hub
2025-09-19 02:06:36,838 - INFO - Disconnecting from Hub...
2025-09-19 02:06:36,841 - INFO - disconnecting MQTT client
2025-09-19 02:06:36,845 - INFO - disconnected with result code: 0
2025-09-19 02:06:36,849 - INFO - MQTTTransportStage: _on_mqtt_disconnect called
2025-09-19 02:06:36,853 - INFO - Connection State - Disconnected
2025-09-19 02:06:36,853 - INFO - Cleared all pending method requests due to disconnect
2025-09-19 02:06:36,855 - INFO - Successfully disconnected from Hub
2025-09-19 02:06:36,856 - INFO - Disconnecting from Hub...
2025-09-19 02:06:36,857 - INFO - disconnecting MQTT client
2025-09-19 02:06:36,858 - INFO - disconnected with result code: 0
2025-09-19 02:06:36,859 - INFO - MQTTTransportStage: _on_mqtt_disconnect called
2025-09-19 02:06:36,859 - INFO - Connection State - Disconnected
2025-09-19 02:06:36,860 - INFO - Cleared all pending method requests due to disconnect
2025-09-19 02:06:36,862 - INFO - Successfully disconnected from Hub
2025-09-19 02:06:36,863 - INFO - Disconnecting from Hub...
2025-09-19 02:06:36,863 - INFO - disconnecting MQTT client
2025-09-19 02:06:36,864 - INFO - disconnected with result code: 0
2025-09-19 02:06:36,865 - INFO - MQTTTransportStage: _on_mqtt_disconnect called
2025-09-19 02:06:36,865 - INFO - Connection State - Disconnected
2025-09-19 02:06:36,867 - INFO - Cleared all pending method requests due to disconnect
2025-09-19 02:06:36,867 - INFO - Successfully disconnected from Hub
2025-09-19 02:06:36,869 - INFO - Disconnecting from Hub...
2025-09-19 02:06:36,869 - INFO - disconnecting MQTT client
2025-09-19 02:06:36,869 - INFO - disconnected with result code: 0
2025-09-19 02:06:36,871 - INFO - MQTTTransportStage: _on_mqtt_disconnect called
2025-09-19 02:06:36,873 - INFO - Connection State - Disconnected
2025-09-19 02:06:36,873 - INFO - Cleared all pending method requests due to disconnect
2025-09-19 02:06:36,874 - INFO - Successfully disconnected from Hub
2025-09-19 02:06:36,874 - INFO - Disconnecting from Hub...
2025-09-19 02:06:36,874 - INFO - disconnecting MQTT client
2025-09-19 02:06:36,874 - INFO - disconnected with result code: 0
2025-09-19 02:06:36,875 - INFO - MQTTTransportStage: _on_mqtt_disconnect called
2025-09-19 02:06:36,876 - INFO - Connection State - Disconnected
2025-09-19 02:06:36,877 - INFO - Cleared all pending method requests due to disconnect
2025-09-19 02:06:36,878 - INFO - Successfully disconnected from Hub
2025-09-19 02:06:36,878 - INFO - Disconnecting from Hub...
2025-09-19 02:06:36,878 - INFO - disconnecting MQTT client
2025-09-19 02:06:36,879 - INFO - disconnected with result code: 0
2025-09-19 02:06:36,879 - INFO - MQTTTransportStage: _on_mqtt_disconnect called
2025-09-19 02:06:36,880 - INFO - Connection State - Disconnected
2025-09-19 02:06:36,881 - INFO - Cleared all pending method requests due to disconnect
2025-09-19 02:06:36,881 - INFO - Successfully disconnected from Hub
2025-09-19 02:06:36,882 - INFO - Disconnecting from Hub...
2025-09-19 02:06:36,883 - INFO - disconnecting MQTT client
2025-09-19 02:06:36,884 - INFO - disconnected with result code: 0
2025-09-19 02:06:36,884 - INFO - MQTTTransportStage: _on_mqtt_disconnect called
2025-09-19 02:06:36,885 - INFO - Connection State - Disconnected
2025-09-19 02:06:36,885 - INFO - Cleared all pending method requests due to disconnect
2025-09-19 02:06:36,886 - INFO - Successfully disconnected from Hub
2025-09-19 02:06:36,887 - INFO - Disconnecting from Hub...
2025-09-19 02:06:36,888 - INFO - disconnecting MQTT client
2025-09-19 02:06:36,889 - INFO - disconnected with result code: 0
2025-09-19 02:06:36,889 - INFO - MQTTTransportStage: _on_mqtt_disconnect called
2025-09-19 02:06:36,889 - INFO - Connection State - Disconnected
2025-09-19 02:06:36,889 - INFO - Cleared all pending method requests due to disconnect
2025-09-19 02:06:36,891 - INFO - Successfully disconnected from Hub
2025-09-19 02:06:36,892 - INFO - Disconnecting from Hub...
2025-09-19 02:06:36,894 - INFO - disconnecting MQTT client
2025-09-19 02:06:36,894 - INFO - disconnected with result code: 0
2025-09-19 02:06:36,895 - INFO - MQTTTransportStage: _on_mqtt_disconnect called
2025-09-19 02:06:36,896 - INFO - Connection State - Disconnected
2025-09-19 02:06:36,896 - INFO - Cleared all pending method requests due to disconnect
2025-09-19 02:06:36,897 - INFO - Successfully disconnected from Hub
2025-09-19 02:06:36,897 - INFO - Disconnecting from Hub...
2025-09-19 02:06:36,898 - INFO - disconnecting MQTT client
2025-09-19 02:06:36,899 - INFO - disconnected with result code: 0
2025-09-19 02:06:36,899 - INFO - MQTTTransportStage: _on_mqtt_disconnect called
2025-09-19 02:06:36,901 - INFO - Connection State - Disconnected
2025-09-19 02:06:36,901 - INFO - Cleared all pending method requests due to disconnect
2025-09-19 02:06:36,902 - INFO - Successfully disconnected from Hub
2025-09-19 02:06:36,902 - INFO - Application shutdown complete
2025-09-19 02:06:37,606 - INFO - 2 changes detected
2025-09-19 02:06:38,862 - INFO - 1 change detected
2025-09-19 02:06:38,869 - INFO - Loaded 10 devices
2025-09-19 02:06:38,875 - INFO - API Request - IP: 127.0.0.1 | Endpoint: /api/devices | Method: GET | Details: Fetching all devices
2025-09-19 02:06:44,301 - INFO - API Request - IP: 127.0.0.1 | Endpoint: /api/devices | Method: GET | Details: Fetching all devices
2025-09-19 02:06:46,763 - INFO - API Request - IP: 127.0.0.1 | Endpoint: /api/devices/connect | Method: POST | Details: Connecting devices: ['med-infusionpump-002']
2025-09-19 02:06:46,806 - INFO - Creating client for connecting using MQTT over TCP
2025-09-19 02:06:46,947 - INFO - Connecting to Hub...
2025-09-19 02:06:46,950 - INFO - Connect using port 8883 (TCP)
2025-09-19 02:06:48,073 - INFO - connected with result code: 0
2025-09-19 02:06:48,075 - INFO - _on_mqtt_connected called
2025-09-19 02:06:48,078 - INFO - Connection State - Connected
2025-09-19 02:06:48,078 - INFO - Successfully connected to Hub
2025-09-19 02:06:48,133 - INFO - API Request - IP: 127.0.0.1 | Endpoint: /api/devices | Method: GET | Details: Fetching all devices
2025-09-19 02:06:50,901 - INFO - API Request - IP: 127.0.0.1 | Endpoint: /api/devices/connect | Method: POST | Details: Connecting devices: ['med-ecg-001']
2025-09-19 02:06:50,939 - INFO - Creating client for connecting using MQTT over TCP
2025-09-19 02:06:50,963 - INFO - Connecting to Hub...
2025-09-19 02:06:50,964 - INFO - Connect using port 8883 (TCP)
2025-09-19 02:06:52,050 - INFO - connected with result code: 0
2025-09-19 02:06:52,054 - INFO - _on_mqtt_connected called
2025-09-19 02:06:52,058 - INFO - Connection State - Connected
2025-09-19 02:06:52,063 - INFO - Successfully connected to Hub
2025-09-19 02:06:52,108 - INFO - API Request - IP: 127.0.0.1 | Endpoint: /api/devices | Method: GET | Details: Fetching all devices
2025-09-19 02:06:53,279 - INFO - API Request - IP: 127.0.0.1 | Endpoint: /api/devices/connect | Method: POST | Details: Connecting devices: ['med-pulseoximeter-003']
2025-09-19 02:06:53,301 - INFO - Creating client for connecting using MQTT over TCP
2025-09-19 02:06:53,325 - INFO - Connecting to Hub...
2025-09-19 02:06:53,325 - INFO - Connect using port 8883 (TCP)
2025-09-19 02:06:54,397 - INFO - connected with result code: 0
2025-09-19 02:06:54,398 - INFO - _on_mqtt_connected called
2025-09-19 02:06:54,399 - INFO - Connection State - Connected
2025-09-19 02:06:54,400 - INFO - Successfully connected to Hub
2025-09-19 02:06:54,446 - INFO - API Request - IP: 127.0.0.1 | Endpoint: /api/devices | Method: GET | Details: Fetching all devices
2025-09-19 02:07:05,550 - INFO - API Request - IP: 127.0.0.1 | Endpoint: /api/telemetry/send | Method: POST | Details: Sending telemetry - Devices: None, Count: 5
2025-09-19 02:07:05,578 - INFO - Creating client for connecting using MQTT over TCP
2025-09-19 02:07:05,619 - INFO - Connecting to Hub...
2025-09-19 02:07:05,621 - INFO - Connect using port 8883 (TCP)
2025-09-19 02:07:06,773 - INFO - connected with result code: 0
2025-09-19 02:07:06,777 - INFO - _on_mqtt_connected called
2025-09-19 02:07:06,778 - INFO - disconnected with result code: 7
2025-09-19 02:07:06,781 - INFO - Connection State - Connected
2025-09-19 02:07:06,785 - INFO - Successfully connected to Hub
2025-09-19 02:07:06,869 - INFO - Creating client for connecting using MQTT over TCP
2025-09-19 02:07:06,932 - INFO - Forcing paho disconnect to prevent it from automatically reconnecting
2025-09-19 02:07:06,933 - INFO - MQTTTransportStage: _on_mqtt_disconnect called: The connection was lost.
2025-09-19 02:07:06,933 - INFO - Connecting to Hub...
2025-09-19 02:07:06,934 - INFO - MQTTTransportStage: Unexpected disconnect (no pending connection op)
2025-09-19 02:07:06,934 - INFO - Connection State - Disconnected
2025-09-19 02:07:06,934 - INFO - Cleared all pending method requests due to disconnect
2025-09-19 02:07:06,934 - INFO - Connect using port 8883 (TCP)
2025-09-19 02:07:06,934 - WARNING - Exception caught in background thread.  Unable to handle.
2025-09-19 02:07:06,934 - WARNING - ['azure.iot.device.common.transport_exceptions.ConnectionDroppedError: Unexpected disconnection\n']
2025-09-19 02:07:07,728 - INFO - Connect using port 8883 (TCP)
2025-09-19 02:07:07,987 - INFO - connected with result code: 0
2025-09-19 02:07:07,990 - INFO - disconnected with result code: 7
2025-09-19 02:07:07,993 - INFO - Forcing paho disconnect to prevent it from automatically reconnecting
2025-09-19 02:07:08,555 - INFO - _on_mqtt_connected called
2025-09-19 02:07:08,559 - INFO - MQTTTransportStage: _on_mqtt_disconnect called: The connection was lost.
2025-09-19 02:07:08,559 - INFO - Connection State - Connected
2025-09-19 02:07:08,559 - INFO - MQTTTransportStage: Unexpected disconnect (no pending connection op)
2025-09-19 02:07:08,560 - INFO - Connection State - Disconnected
2025-09-19 02:07:08,563 - INFO - Successfully connected to Hub
2025-09-19 02:07:08,565 - INFO - Cleared all pending method requests due to disconnect
2025-09-19 02:07:08,570 - WARNING - Exception caught in background thread.  Unable to handle.
2025-09-19 02:07:08,596 - WARNING - ['azure.iot.device.common.transport_exceptions.ConnectionDroppedError: Unexpected disconnection\n']
2025-09-19 02:07:08,655 - INFO - Connect using port 8883 (TCP)
2025-09-19 02:07:08,811 - INFO - connected with result code: 0
2025-09-19 02:07:08,816 - INFO - disconnected with result code: 7
2025-09-19 02:07:08,820 - INFO - Forcing paho disconnect to prevent it from automatically reconnecting
2025-09-19 02:07:09,482 - INFO - Creating client for connecting using MQTT over TCP
2025-09-19 02:07:09,617 - INFO - _on_mqtt_connected called
2025-09-19 02:07:09,619 - INFO - MQTTTransportStage: _on_mqtt_disconnect called: The connection was lost.
2025-09-19 02:07:09,620 - INFO - Connection State - Connected
2025-09-19 02:07:09,625 - INFO - MQTTTransportStage: Unexpected disconnect (no pending connection op)
2025-09-19 02:07:09,625 - INFO - Connection State - Disconnected
2025-09-19 02:07:09,631 - INFO - Connecting to Hub...
2025-09-19 02:07:09,631 - INFO - Cleared all pending method requests due to disconnect
2025-09-19 02:07:09,635 - WARNING - Exception caught in background thread.  Unable to handle.
2025-09-19 02:07:09,637 - INFO - Connect using port 8883 (TCP)
2025-09-19 02:07:09,638 - WARNING - ['azure.iot.device.common.transport_exceptions.ConnectionDroppedError: Unexpected disconnection\n']
2025-09-19 02:07:09,740 - INFO - connected with result code: 0
2025-09-19 02:07:09,742 - INFO - disconnected with result code: 7
2025-09-19 02:07:09,746 - INFO - Forcing paho disconnect to prevent it from automatically reconnecting
2025-09-19 02:07:10,566 - INFO - Connect using port 8883 (TCP)
2025-09-19 02:07:10,830 - INFO - disconnected with result code: 7
2025-09-19 02:07:10,832 - INFO - Forcing paho disconnect to prevent it from automatically reconnecting
2025-09-19 02:07:10,845 - INFO - connected with result code: 0
2025-09-19 02:07:11,422 - INFO - _on_mqtt_connected called
2025-09-19 02:07:11,424 - INFO - MQTTTransportStage: _on_mqtt_disconnect called: The connection was lost.
2025-09-19 02:07:11,424 - INFO - Connection State - Connected
2025-09-19 02:07:11,424 - INFO - MQTTTransportStage: Unexpected disconnect (no pending connection op)
2025-09-19 02:07:11,424 - INFO - Connection State - Disconnected
2025-09-19 02:07:11,426 - INFO - MQTTTransportStage: _on_mqtt_disconnect called: The connection was lost.
2025-09-19 02:07:11,426 - INFO - Cleared all pending method requests due to disconnect
2025-09-19 02:07:11,426 - WARNING - Exception caught in background thread.  Unable to handle.
2025-09-19 02:07:11,426 - WARNING - ['azure.iot.device.common.transport_exceptions.ConnectionDroppedError: Unexpected disconnection\n']
2025-09-19 02:07:11,426 - INFO - MQTTTransportStage: Unexpected disconnect (no pending connection op)
2025-09-19 02:07:11,428 - INFO - Connection State - Disconnected
2025-09-19 02:07:11,428 - INFO - _on_mqtt_connected called
2025-09-19 02:07:11,428 - INFO - Cleared all pending method requests due to disconnect
2025-09-19 02:07:11,429 - WARNING - Exception caught in background thread.  Unable to handle.
2025-09-19 02:07:11,429 - WARNING - ['azure.iot.device.common.transport_exceptions.ConnectionDroppedError: Unexpected disconnection\n']
2025-09-19 02:07:11,430 - INFO - Connection State - Connected
2025-09-19 02:07:11,431 - INFO - Successfully connected to Hub
2025-09-19 02:07:11,451 - INFO - Connect using port 8883 (TCP)
2025-09-19 02:07:11,688 - INFO - connected with result code: 0
2025-09-19 02:07:11,690 - INFO - disconnected with result code: 7
2025-09-19 02:07:11,693 - INFO - Forcing paho disconnect to prevent it from automatically reconnecting
2025-09-19 02:07:12,267 - INFO - Connect using port 8883 (TCP)
2025-09-19 02:07:12,530 - INFO - connected with result code: 0
2025-09-19 02:07:12,542 - INFO - disconnected with result code: 7
2025-09-19 02:07:12,545 - INFO - Forcing paho disconnect to prevent it from automatically reconnecting
2025-09-19 02:07:13,113 - INFO - Creating client for connecting using MQTT over TCP
2025-09-19 02:07:13,205 - INFO - _on_mqtt_connected called
2025-09-19 02:07:13,208 - INFO - MQTTTransportStage: _on_mqtt_disconnect called: The connection was lost.
2025-09-19 02:07:13,209 - INFO - Connection State - Connected
2025-09-19 02:07:13,212 - INFO - MQTTTransportStage: Unexpected disconnect (no pending connection op)
2025-09-19 02:07:13,213 - INFO - Connection State - Disconnected
2025-09-19 02:07:13,215 - INFO - _on_mqtt_connected called
2025-09-19 02:07:13,217 - INFO - Cleared all pending method requests due to disconnect
2025-09-19 02:07:13,221 - INFO - MQTTTransportStage: _on_mqtt_disconnect called: The connection was lost.
2025-09-19 02:07:13,224 - WARNING - Exception caught in background thread.  Unable to handle.
2025-09-19 02:07:13,226 - INFO - Connecting to Hub...
2025-09-19 02:07:13,228 - INFO - MQTTTransportStage: Unexpected disconnect (no pending connection op)
2025-09-19 02:07:13,229 - WARNING - ['azure.iot.device.common.transport_exceptions.ConnectionDroppedError: Unexpected disconnection\n']
2025-09-19 02:07:13,240 - INFO - Connect using port 8883 (TCP)
2025-09-19 02:07:13,241 - INFO - Connection State - Connected
2025-09-19 02:07:13,248 - INFO - Connection State - Disconnected
2025-09-19 02:07:13,250 - INFO - Cleared all pending method requests due to disconnect
2025-09-19 02:07:13,251 - WARNING - Exception caught in background thread.  Unable to handle.
2025-09-19 02:07:13,252 - WARNING - ['azure.iot.device.common.transport_exceptions.ConnectionDroppedError: Unexpected disconnection\n']
2025-09-19 02:07:13,376 - INFO - connected with result code: 0
2025-09-19 02:07:13,381 - INFO - disconnected with result code: 7
2025-09-19 02:07:13,384 - INFO - Forcing paho disconnect to prevent it from automatically reconnecting
2025-09-19 02:07:14,063 - INFO - Connect using port 8883 (TCP)
2025-09-19 02:07:14,324 - INFO - connected with result code: 0
2025-09-19 02:07:14,896 - INFO - Connect using port 8883 (TCP)
2025-09-19 02:07:15,155 - INFO - disconnected with result code: 7
2025-09-19 02:07:15,157 - INFO - Forcing paho disconnect to prevent it from automatically reconnecting
2025-09-19 02:07:15,160 - INFO - connected with result code: 0
2025-09-19 02:07:15,801 - INFO - _on_mqtt_connected called
2025-09-19 02:07:15,804 - INFO - MQTTTransportStage: _on_mqtt_disconnect called: The connection was lost.
2025-09-19 02:07:15,804 - INFO - Connection State - Connected
2025-09-19 02:07:15,808 - INFO - MQTTTransportStage: Unexpected disconnect (no pending connection op)
2025-09-19 02:07:15,810 - INFO - Connection State - Disconnected
2025-09-19 02:07:15,812 - INFO - _on_mqtt_connected called
2025-09-19 02:07:15,813 - INFO - Cleared all pending method requests due to disconnect
2025-09-19 02:07:15,815 - INFO - MQTTTransportStage: _on_mqtt_disconnect called: The connection was lost.
2025-09-19 02:07:15,816 - WARNING - Exception caught in background thread.  Unable to handle.
2025-09-19 02:07:15,822 - WARNING - ['azure.iot.device.common.transport_exceptions.ConnectionDroppedError: Unexpected disconnection\n']
2025-09-19 02:07:15,824 - INFO - MQTTTransportStage: Unexpected disconnect (no pending connection op)
2025-09-19 02:07:15,824 - INFO - Connection State - Connected
2025-09-19 02:07:15,827 - INFO - _on_mqtt_connected called
2025-09-19 02:07:15,830 - INFO - Successfully connected to Hub
2025-09-19 02:07:15,830 - INFO - Connection State - Disconnected
2025-09-19 02:07:15,837 - INFO - Cleared all pending method requests due to disconnect
2025-09-19 02:07:15,838 - INFO - Connect using port 8883 (TCP)
2025-09-19 02:07:15,839 - WARNING - Exception caught in background thread.  Unable to handle.
2025-09-19 02:07:15,844 - WARNING - ['azure.iot.device.common.transport_exceptions.ConnectionDroppedError: Unexpected disconnection\n']
2025-09-19 02:07:15,846 - INFO - Connection State - Connected
2025-09-19 02:07:16,072 - INFO - connected with result code: 0
2025-09-19 02:07:16,080 - INFO - disconnected with result code: 7
2025-09-19 02:07:16,082 - INFO - Forcing paho disconnect to prevent it from automatically reconnecting
2025-09-19 02:07:16,711 - INFO - Connect using port 8883 (TCP)
2025-09-19 02:07:16,916 - INFO - connected with result code: 0
2025-09-19 02:07:16,920 - INFO - disconnected with result code: 7
2025-09-19 02:07:16,921 - INFO - Forcing paho disconnect to prevent it from automatically reconnecting
2025-09-19 02:07:17,528 - INFO - _on_mqtt_connected called
2025-09-19 02:07:17,531 - INFO - MQTTTransportStage: _on_mqtt_disconnect called: The connection was lost.
2025-09-19 02:07:17,531 - INFO - Connection State - Connected
2025-09-19 02:07:17,535 - INFO - MQTTTransportStage: Unexpected disconnect (no pending connection op)
2025-09-19 02:07:17,536 - INFO - Connection State - Disconnected
2025-09-19 02:07:17,541 - INFO - Creating client for connecting using MQTT over TCP
2025-09-19 02:07:17,542 - INFO - Cleared all pending method requests due to disconnect
2025-09-19 02:07:17,545 - WARNING - Exception caught in background thread.  Unable to handle.
2025-09-19 02:07:17,590 - WARNING - ['azure.iot.device.common.transport_exceptions.ConnectionDroppedError: Unexpected disconnection\n']
2025-09-19 02:07:17,615 - INFO - _on_mqtt_connected called
2025-09-19 02:07:17,617 - INFO - MQTTTransportStage: _on_mqtt_disconnect called: The connection was lost.
2025-09-19 02:07:17,618 - INFO - Connection State - Connected
2025-09-19 02:07:17,623 - INFO - MQTTTransportStage: Unexpected disconnect (no pending connection op)
2025-09-19 02:07:17,624 - INFO - Connection State - Disconnected
2025-09-19 02:07:17,627 - INFO - Connect using port 8883 (TCP)
2025-09-19 02:07:17,628 - INFO - Cleared all pending method requests due to disconnect
2025-09-19 02:07:17,630 - INFO - Connecting to Hub...
2025-09-19 02:07:17,630 - WARNING - Exception caught in background thread.  Unable to handle.
2025-09-19 02:07:17,631 - WARNING - ['azure.iot.device.common.transport_exceptions.ConnectionDroppedError: Unexpected disconnection\n']
2025-09-19 02:07:17,787 - INFO - connected with result code: 0
2025-09-19 02:07:17,798 - INFO - disconnected with result code: 7
2025-09-19 02:07:17,805 - INFO - Forcing paho disconnect to prevent it from automatically reconnecting
2025-09-19 02:07:18,442 - INFO - Connect using port 8883 (TCP)
2025-09-19 02:07:18,705 - INFO - connected with result code: 0
2025-09-19 02:07:18,707 - INFO - disconnected with result code: 7
2025-09-19 02:07:18,707 - INFO - Forcing paho disconnect to prevent it from automatically reconnecting
2025-09-19 02:07:19,291 - INFO - Connect using port 8883 (TCP)
2025-09-19 02:07:19,552 - INFO - connected with result code: 0
2025-09-19 02:07:20,143 - INFO - _on_mqtt_connected called
2025-09-19 02:07:20,145 - INFO - MQTTTransportStage: _on_mqtt_disconnect called: The connection was lost.
2025-09-19 02:07:20,145 - INFO - Connection State - Connected
2025-09-19 02:07:20,148 - INFO - MQTTTransportStage: Unexpected disconnect (no pending connection op)
2025-09-19 02:07:20,148 - INFO - Connection State - Disconnected
2025-09-19 02:07:20,150 - INFO - _on_mqtt_connected called
2025-09-19 02:07:20,152 - INFO - Cleared all pending method requests due to disconnect
2025-09-19 02:07:20,155 - INFO - MQTTTransportStage: _on_mqtt_disconnect called: The connection was lost.
2025-09-19 02:07:20,157 - WARNING - Exception caught in background thread.  Unable to handle.
2025-09-19 02:07:20,162 - WARNING - ['azure.iot.device.common.transport_exceptions.ConnectionDroppedError: Unexpected disconnection\n']
2025-09-19 02:07:20,163 - INFO - MQTTTransportStage: Unexpected disconnect (no pending connection op)
2025-09-19 02:07:20,164 - INFO - Connection State - Connected
2025-09-19 02:07:20,165 - INFO - _on_mqtt_connected called
2025-09-19 02:07:20,167 - INFO - Connection State - Disconnected
2025-09-19 02:07:20,171 - INFO - Cleared all pending method requests due to disconnect
2025-09-19 02:07:20,174 - WARNING - Exception caught in background thread.  Unable to handle.
2025-09-19 02:07:20,176 - INFO - Connect using port 8883 (TCP)
2025-09-19 02:07:20,177 - WARNING - ['azure.iot.device.common.transport_exceptions.ConnectionDroppedError: Unexpected disconnection\n']
2025-09-19 02:07:20,181 - INFO - Connection State - Connected
2025-09-19 02:07:20,183 - INFO - Successfully connected to Hub
2025-09-19 02:07:20,403 - INFO - disconnected with result code: 7
2025-09-19 02:07:20,406 - INFO - Forcing paho disconnect to prevent it from automatically reconnecting
2025-09-19 02:07:20,416 - INFO - connected with result code: 0
2025-09-19 02:07:21,085 - INFO - Connect using port 8883 (TCP)
2025-09-19 02:07:21,297 - INFO - connected with result code: 0
2025-09-19 02:07:21,300 - INFO - disconnected with result code: 7
2025-09-19 02:07:21,302 - INFO - Forcing paho disconnect to prevent it from automatically reconnecting
2025-09-19 02:07:21,918 - INFO - MQTTTransportStage: _on_mqtt_disconnect called: The connection was lost.
2025-09-19 02:07:21,923 - INFO - MQTTTransportStage: Unexpected disconnect (no pending connection op)
2025-09-19 02:07:21,925 - INFO - Connection State - Disconnected
2025-09-19 02:07:21,926 - INFO - _on_mqtt_connected called
2025-09-19 02:07:21,928 - INFO - Cleared all pending method requests due to disconnect
2025-09-19 02:07:21,930 - WARNING - Exception caught in background thread.  Unable to handle.
2025-09-19 02:07:21,933 - INFO - Creating client for connecting using MQTT over TCP
2025-09-19 02:07:21,934 - WARNING - ['azure.iot.device.common.transport_exceptions.ConnectionDroppedError: Unexpected disconnection\n']
2025-09-19 02:07:21,938 - INFO - Connection State - Connected
2025-09-19 02:07:22,040 - INFO - _on_mqtt_connected called
2025-09-19 02:07:22,041 - INFO - MQTTTransportStage: _on_mqtt_disconnect called: The connection was lost.
2025-09-19 02:07:22,041 - INFO - Connection State - Connected
2025-09-19 02:07:22,045 - INFO - MQTTTransportStage: Unexpected disconnect (no pending connection op)
2025-09-19 02:07:22,047 - INFO - Connection State - Disconnected
2025-09-19 02:07:22,048 - INFO - Connect using port 8883 (TCP)
2025-09-19 02:07:22,050 - INFO - Cleared all pending method requests due to disconnect
2025-09-19 02:07:22,053 - WARNING - Exception caught in background thread.  Unable to handle.
2025-09-19 02:07:22,053 - INFO - Connecting to Hub...
2025-09-19 02:07:22,054 - WARNING - ['azure.iot.device.common.transport_exceptions.ConnectionDroppedError: Unexpected disconnection\n']
2025-09-19 02:07:22,177 - INFO - disconnected with result code: 7
2025-09-19 02:07:22,178 - INFO - Forcing paho disconnect to prevent it from automatically reconnecting
2025-09-19 02:07:22,182 - INFO - connected with result code: 0
2025-09-19 02:07:22,873 - INFO - Connect using port 8883 (TCP)
2025-09-19 02:07:23,134 - INFO - connected with result code: 0
2025-09-19 02:07:23,153 - INFO - disconnected with result code: 7
2025-09-19 02:07:23,155 - INFO - Forcing paho disconnect to prevent it from automatically reconnecting
2025-09-19 02:07:23,691 - INFO - Connect using port 8883 (TCP)
2025-09-19 02:07:23,948 - INFO - connected with result code: 0
2025-09-19 02:07:24,518 - INFO - MQTTTransportStage: _on_mqtt_disconnect called: The connection was lost.
2025-09-19 02:07:24,525 - INFO - MQTTTransportStage: Unexpected disconnect (no pending connection op)
2025-09-19 02:07:24,526 - INFO - Connection State - Disconnected
2025-09-19 02:07:24,528 - INFO - _on_mqtt_connected called
2025-09-19 02:07:24,530 - INFO - Cleared all pending method requests due to disconnect
2025-09-19 02:07:24,534 - INFO - _on_mqtt_connected called
2025-09-19 02:07:24,540 - WARNING - Exception caught in background thread.  Unable to handle.
2025-09-19 02:07:24,541 - INFO - MQTTTransportStage: _on_mqtt_disconnect called: The connection was lost.
2025-09-19 02:07:24,544 - WARNING - ['azure.iot.device.common.transport_exceptions.ConnectionDroppedError: Unexpected disconnection\n']
2025-09-19 02:07:24,549 - INFO - Connection State - Connected
2025-09-19 02:07:24,553 - INFO - MQTTTransportStage: Unexpected disconnect (no pending connection op)
2025-09-19 02:07:24,553 - INFO - Connection State - Connected
2025-09-19 02:07:24,555 - INFO - _on_mqtt_connected called
2025-09-19 02:07:24,557 - INFO - Connection State - Disconnected
2025-09-19 02:07:24,565 - INFO - Cleared all pending method requests due to disconnect
2025-09-19 02:07:24,566 - INFO - Connect using port 8883 (TCP)
2025-09-19 02:07:24,567 - WARNING - Exception caught in background thread.  Unable to handle.
2025-09-19 02:07:24,572 - WARNING - ['azure.iot.device.common.transport_exceptions.ConnectionDroppedError: Unexpected disconnection\n']
2025-09-19 02:07:24,573 - INFO - Connection State - Connected
2025-09-19 02:07:24,574 - INFO - Successfully connected to Hub
2025-09-19 02:07:24,779 - INFO - disconnected with result code: 7
2025-09-19 02:07:24,780 - INFO - Forcing paho disconnect to prevent it from automatically reconnecting
2025-09-19 02:07:24,782 - INFO - connected with result code: 0
2025-09-19 02:07:25,400 - INFO - Connect using port 8883 (TCP)
2025-09-19 02:07:25,661 - INFO - connected with result code: 0
2025-09-19 02:07:25,663 - INFO - disconnected with result code: 7
2025-09-19 02:07:25,664 - INFO - Forcing paho disconnect to prevent it from automatically reconnecting
2025-09-19 02:07:26,394 - INFO - MQTTTransportStage: _on_mqtt_disconnect called: The connection was lost.
2025-09-19 02:07:26,398 - INFO - MQTTTransportStage: Unexpected disconnect (no pending connection op)
2025-09-19 02:07:26,398 - INFO - Connection State - Disconnected
2025-09-19 02:07:26,400 - INFO - _on_mqtt_connected called
2025-09-19 02:07:26,404 - INFO - Cleared all pending method requests due to disconnect
2025-09-19 02:07:26,408 - INFO - _on_mqtt_connected called
2025-09-19 02:07:26,410 - WARNING - Exception caught in background thread.  Unable to handle.
2025-09-19 02:07:26,413 - INFO - MQTTTransportStage: _on_mqtt_disconnect called: The connection was lost.
2025-09-19 02:07:26,414 - WARNING - ['azure.iot.device.common.transport_exceptions.ConnectionDroppedError: Unexpected disconnection\n']
2025-09-19 02:07:26,420 - INFO - Connection State - Connected
2025-09-19 02:07:26,424 - INFO - MQTTTransportStage: Unexpected disconnect (no pending connection op)
2025-09-19 02:07:26,424 - INFO - Connection State - Connected
2025-09-19 02:07:26,430 - INFO - Connection State - Disconnected
2025-09-19 02:07:26,433 - INFO - Creating client for connecting using MQTT over TCP
2025-09-19 02:07:26,435 - INFO - Cleared all pending method requests due to disconnect
2025-09-19 02:07:26,441 - WARNING - Exception caught in background thread.  Unable to handle.
2025-09-19 02:07:26,443 - WARNING - ['azure.iot.device.common.transport_exceptions.ConnectionDroppedError: Unexpected disconnection\n']
2025-09-19 02:07:26,497 - INFO - Connect using port 8883 (TCP)
2025-09-19 02:07:26,501 - INFO - Connecting to Hub...
2025-09-19 02:07:26,563 - INFO - connected with result code: 0
2025-09-19 02:07:26,565 - INFO - disconnected with result code: 7
2025-09-19 02:07:26,566 - INFO - Forcing paho disconnect to prevent it from automatically reconnecting
2025-09-19 02:07:27,343 - INFO - Connect using port 8883 (TCP)
2025-09-19 02:07:27,592 - INFO - connected with result code: 0
2025-09-19 02:07:27,600 - INFO - disconnected with result code: 7
2025-09-19 02:07:27,604 - INFO - Forcing paho disconnect to prevent it from automatically reconnecting
2025-09-19 02:07:28,220 - INFO - Connect using port 8883 (TCP)
2025-09-19 02:07:28,474 - INFO - connected with result code: 0
2025-09-19 02:07:28,487 - INFO - disconnected with result code: 7
2025-09-19 02:07:28,490 - INFO - Forcing paho disconnect to prevent it from automatically reconnecting
2025-09-19 02:07:29,053 - INFO - _on_mqtt_connected called
2025-09-19 02:07:29,056 - INFO - MQTTTransportStage: _on_mqtt_disconnect called: The connection was lost.
2025-09-19 02:07:29,057 - INFO - Connection State - Connected
2025-09-19 02:07:29,061 - INFO - MQTTTransportStage: Unexpected disconnect (no pending connection op)
2025-09-19 02:07:29,061 - INFO - Connection State - Disconnected
2025-09-19 02:07:29,063 - INFO - _on_mqtt_connected called
2025-09-19 02:07:29,064 - INFO - Cleared all pending method requests due to disconnect
2025-09-19 02:07:29,065 - INFO - MQTTTransportStage: _on_mqtt_disconnect called: The connection was lost.
2025-09-19 02:07:29,067 - WARNING - Exception caught in background thread.  Unable to handle.
2025-09-19 02:07:29,072 - WARNING - ['azure.iot.device.common.transport_exceptions.ConnectionDroppedError: Unexpected disconnection\n']
2025-09-19 02:07:29,073 - INFO - MQTTTransportStage: Unexpected disconnect (no pending connection op)
2025-09-19 02:07:29,074 - INFO - Connection State - Connected
2025-09-19 02:07:29,076 - INFO - _on_mqtt_connected called
2025-09-19 02:07:29,079 - INFO - Connection State - Disconnected
2025-09-19 02:07:29,080 - INFO - MQTTTransportStage: _on_mqtt_disconnect called: The connection was lost.
2025-09-19 02:07:29,082 - INFO - Cleared all pending method requests due to disconnect
2025-09-19 02:07:29,090 - WARNING - Exception caught in background thread.  Unable to handle.
2025-09-19 02:07:29,091 - INFO - MQTTTransportStage: Unexpected disconnect (no pending connection op)
2025-09-19 02:07:29,095 - WARNING - ['azure.iot.device.common.transport_exceptions.ConnectionDroppedError: Unexpected disconnection\n']
2025-09-19 02:07:29,109 - INFO - Connection State - Connected
2025-09-19 02:07:29,110 - INFO - Connect using port 8883 (TCP)
2025-09-19 02:07:29,111 - INFO - Connection State - Disconnected
2025-09-19 02:07:29,112 - INFO - Cleared all pending method requests due to disconnect
2025-09-19 02:07:29,113 - WARNING - Exception caught in background thread.  Unable to handle.
2025-09-19 02:07:29,114 - WARNING - ['azure.iot.device.common.transport_exceptions.ConnectionDroppedError: Unexpected disconnection\n']
2025-09-19 02:07:29,315 - INFO - connected with result code: 0
2025-09-19 02:07:29,926 - INFO - Connect using port 8883 (TCP)
2025-09-19 02:07:30,175 - INFO - connected with result code: 0
2025-09-19 02:07:30,178 - INFO - disconnected with result code: 7
2025-09-19 02:07:30,181 - INFO - Forcing paho disconnect to prevent it from automatically reconnecting
2025-09-19 02:07:30,797 - INFO - Connect using port 8883 (TCP)
2025-09-19 02:07:31,054 - INFO - connected with result code: 0
2025-09-19 02:07:31,062 - INFO - disconnected with result code: 7
2025-09-19 02:07:31,063 - INFO - Forcing paho disconnect to prevent it from automatically reconnecting
2025-09-19 02:07:31,696 - INFO - _on_mqtt_connected called
2025-09-19 02:07:31,697 - INFO - _on_mqtt_connected called
2025-09-19 02:07:31,699 - INFO - Connection State - Connected
2025-09-19 02:07:31,701 - INFO - MQTTTransportStage: _on_mqtt_disconnect called: The connection was lost.
2025-09-19 02:07:31,704 - INFO - Connection State - Connected
2025-09-19 02:07:31,706 - INFO - Successfully connected to Hub
2025-09-19 02:07:31,711 - INFO - MQTTTransportStage: Unexpected disconnect (no pending connection op)
2025-09-19 02:07:31,712 - INFO - Connection State - Disconnected
2025-09-19 02:07:31,716 - INFO - _on_mqtt_connected called
2025-09-19 02:07:31,717 - INFO - Cleared all pending method requests due to disconnect
2025-09-19 02:07:31,720 - INFO - MQTTTransportStage: _on_mqtt_disconnect called: The connection was lost.
2025-09-19 02:07:31,725 - WARNING - Exception caught in background thread.  Unable to handle.
2025-09-19 02:07:31,729 - WARNING - ['azure.iot.device.common.transport_exceptions.ConnectionDroppedError: Unexpected disconnection\n']
2025-09-19 02:07:31,730 - INFO - MQTTTransportStage: Unexpected disconnect (no pending connection op)
2025-09-19 02:07:31,732 - INFO - Connection State - Connected
2025-09-19 02:07:31,735 - INFO - Connection State - Disconnected
2025-09-19 02:07:31,737 - INFO - Cleared all pending method requests due to disconnect
2025-09-19 02:07:31,770 - WARNING - Exception caught in background thread.  Unable to handle.
2025-09-19 02:07:31,781 - WARNING - ['azure.iot.device.common.transport_exceptions.ConnectionDroppedError: Unexpected disconnection\n']
2025-09-19 02:07:31,782 - INFO - Connect using port 8883 (TCP)
2025-09-19 02:07:31,950 - INFO - connected with result code: 0
2025-09-19 02:07:31,953 - INFO - disconnected with result code: 7
2025-09-19 02:07:31,958 - INFO - Forcing paho disconnect to prevent it from automatically reconnecting
2025-09-19 02:07:32,611 - INFO - Connect using port 8883 (TCP)
2025-09-19 02:07:32,876 - INFO - disconnected with result code: 7
2025-09-19 02:07:32,877 - INFO - connected with result code: 0
2025-09-19 02:07:32,882 - INFO - Forcing paho disconnect to prevent it from automatically reconnecting
2025-09-19 02:07:33,414 - INFO - Creating client for connecting using MQTT over TCP
2025-09-19 02:07:33,429 - INFO - _on_mqtt_connected called
2025-09-19 02:07:33,430 - INFO - MQTTTransportStage: _on_mqtt_disconnect called: The connection was lost.
2025-09-19 02:07:33,430 - INFO - Connection State - Connected
2025-09-19 02:07:33,431 - INFO - MQTTTransportStage: Unexpected disconnect (no pending connection op)
2025-09-19 02:07:33,431 - INFO - Connection State - Disconnected
2025-09-19 02:07:33,431 - INFO - _on_mqtt_connected called
2025-09-19 02:07:33,432 - INFO - Connecting to Hub...
2025-09-19 02:07:33,432 - INFO - Cleared all pending method requests due to disconnect
2025-09-19 02:07:33,432 - INFO - MQTTTransportStage: _on_mqtt_disconnect called: The connection was lost.
2025-09-19 02:07:33,433 - WARNING - Exception caught in background thread.  Unable to handle.
2025-09-19 02:07:33,433 - WARNING - ['azure.iot.device.common.transport_exceptions.ConnectionDroppedError: Unexpected disconnection\n']
2025-09-19 02:07:33,433 - INFO - MQTTTransportStage: Unexpected disconnect (no pending connection op)
2025-09-19 02:07:33,433 - INFO - Connection State - Connected
2025-09-19 02:07:33,434 - INFO - Connection State - Disconnected
2025-09-19 02:07:33,434 - INFO - Cleared all pending method requests due to disconnect
2025-09-19 02:07:33,434 - INFO - Connect using port 8883 (TCP)
2025-09-19 02:07:33,434 - WARNING - Exception caught in background thread.  Unable to handle.
2025-09-19 02:07:33,434 - WARNING - ['azure.iot.device.common.transport_exceptions.ConnectionDroppedError: Unexpected disconnection\n']
2025-09-19 02:07:33,675 - INFO - connected with result code: 0
2025-09-19 02:07:33,678 - INFO - disconnected with result code: 7
2025-09-19 02:07:33,678 - INFO - Forcing paho disconnect to prevent it from automatically reconnecting
2025-09-19 02:07:34,248 - INFO - Connect using port 8883 (TCP)
2025-09-19 02:07:34,511 - INFO - connected with result code: 0
2025-09-19 02:07:35,052 - INFO - Connect using port 8883 (TCP)
2025-09-19 02:07:35,306 - INFO - connected with result code: 0
2025-09-19 02:07:35,310 - INFO - disconnected with result code: 7
2025-09-19 02:07:35,314 - INFO - Forcing paho disconnect to prevent it from automatically reconnecting
2025-09-19 02:07:35,880 - INFO - _on_mqtt_connected called
2025-09-19 02:07:35,882 - INFO - MQTTTransportStage: _on_mqtt_disconnect called: The connection was lost.
2025-09-19 02:07:35,884 - INFO - Connection State - Connected
2025-09-19 02:07:35,890 - INFO - MQTTTransportStage: Unexpected disconnect (no pending connection op)
2025-09-19 02:07:35,891 - INFO - Connection State - Disconnected
2025-09-19 02:07:35,894 - INFO - _on_mqtt_connected called
2025-09-19 02:07:35,896 - INFO - Cleared all pending method requests due to disconnect
2025-09-19 02:07:35,899 - INFO - _on_mqtt_connected called
2025-09-19 02:07:35,901 - WARNING - Exception caught in background thread.  Unable to handle.
2025-09-19 02:07:35,903 - INFO - MQTTTransportStage: _on_mqtt_disconnect called: The connection was lost.
2025-09-19 02:07:35,907 - WARNING - ['azure.iot.device.common.transport_exceptions.ConnectionDroppedError: Unexpected disconnection\n']
2025-09-19 02:07:35,910 - INFO - MQTTTransportStage: Unexpected disconnect (no pending connection op)
2025-09-19 02:07:35,910 - INFO - Connection State - Connected
2025-09-19 02:07:35,916 - INFO - Connect using port 8883 (TCP)
2025-09-19 02:07:35,917 - INFO - Connection State - Connected
2025-09-19 02:07:35,920 - INFO - Successfully connected to Hub
2025-09-19 02:07:35,922 - INFO - Connection State - Disconnected
2025-09-19 02:07:35,924 - INFO - Cleared all pending method requests due to disconnect
2025-09-19 02:07:35,926 - WARNING - Exception caught in background thread.  Unable to handle.
2025-09-19 02:07:35,927 - WARNING - ['azure.iot.device.common.transport_exceptions.ConnectionDroppedError: Unexpected disconnection\n']
2025-09-19 02:07:36,140 - INFO - connected with result code: 0
2025-09-19 02:07:36,147 - INFO - disconnected with result code: 7
2025-09-19 02:07:36,148 - INFO - Forcing paho disconnect to prevent it from automatically reconnecting
2025-09-19 02:07:36,756 - INFO - Connect using port 8883 (TCP)
2025-09-19 02:07:37,008 - INFO - connected with result code: 0
2025-09-19 02:07:37,008 - INFO - disconnected with result code: 7
2025-09-19 02:07:37,015 - INFO - Forcing paho disconnect to prevent it from automatically reconnecting
2025-09-19 02:07:37,631 - INFO - _on_mqtt_connected called
2025-09-19 02:07:37,632 - INFO - MQTTTransportStage: _on_mqtt_disconnect called: The connection was lost.
2025-09-19 02:07:37,632 - INFO - Connection State - Connected
2025-09-19 02:07:37,633 - INFO - MQTTTransportStage: Unexpected disconnect (no pending connection op)
2025-09-19 02:07:37,634 - INFO - Connection State - Disconnected
2025-09-19 02:07:37,635 - INFO - Creating client for connecting using MQTT over TCP
2025-09-19 02:07:37,635 - INFO - Cleared all pending method requests due to disconnect
2025-09-19 02:07:37,638 - WARNING - Exception caught in background thread.  Unable to handle.
2025-09-19 02:07:37,656 - WARNING - ['azure.iot.device.common.transport_exceptions.ConnectionDroppedError: Unexpected disconnection\n']
2025-09-19 02:07:37,687 - INFO - _on_mqtt_connected called
2025-09-19 02:07:37,690 - INFO - MQTTTransportStage: _on_mqtt_disconnect called: The connection was lost.
2025-09-19 02:07:37,691 - INFO - Connection State - Connected
2025-09-19 02:07:37,696 - INFO - MQTTTransportStage: Unexpected disconnect (no pending connection op)
2025-09-19 02:07:37,697 - INFO - Connection State - Disconnected
2025-09-19 02:07:37,705 - INFO - Connect using port 8883 (TCP)
2025-09-19 02:07:37,706 - INFO - Cleared all pending method requests due to disconnect
2025-09-19 02:07:37,712 - WARNING - Exception caught in background thread.  Unable to handle.
2025-09-19 02:07:37,715 - INFO - Connecting to Hub...
2025-09-19 02:07:37,717 - WARNING - ['azure.iot.device.common.transport_exceptions.ConnectionDroppedError: Unexpected disconnection\n']
2025-09-19 02:07:37,923 - INFO - connected with result code: 0
2025-09-19 02:07:37,924 - INFO - disconnected with result code: 7
2025-09-19 02:07:37,928 - INFO - Forcing paho disconnect to prevent it from automatically reconnecting
2025-09-19 02:07:38,542 - INFO - Connect using port 8883 (TCP)
2025-09-19 02:07:38,796 - INFO - connected with result code: 0
2025-09-19 02:07:38,798 - INFO - disconnected with result code: 7
2025-09-19 02:07:38,800 - INFO - Forcing paho disconnect to prevent it from automatically reconnecting
2025-09-19 02:07:39,352 - INFO - Connect using port 8883 (TCP)
2025-09-19 02:07:39,613 - INFO - connected with result code: 0
2025-09-19 02:07:39,616 - INFO - disconnected with result code: 7
2025-09-19 02:07:39,618 - INFO - Forcing paho disconnect to prevent it from automatically reconnecting
2025-09-19 02:07:40,198 - INFO - _on_mqtt_connected called
2025-09-19 02:07:40,202 - INFO - MQTTTransportStage: _on_mqtt_disconnect called: The connection was lost.
2025-09-19 02:07:40,204 - INFO - Connection State - Connected
2025-09-19 02:07:40,208 - INFO - MQTTTransportStage: Unexpected disconnect (no pending connection op)
2025-09-19 02:07:40,209 - INFO - Connection State - Disconnected
2025-09-19 02:07:40,212 - INFO - _on_mqtt_connected called
2025-09-19 02:07:40,214 - INFO - Cleared all pending method requests due to disconnect
2025-09-19 02:07:40,217 - INFO - MQTTTransportStage: _on_mqtt_disconnect called: The connection was lost.
2025-09-19 02:07:40,219 - WARNING - Exception caught in background thread.  Unable to handle.
2025-09-19 02:07:40,224 - WARNING - ['azure.iot.device.common.transport_exceptions.ConnectionDroppedError: Unexpected disconnection\n']
2025-09-19 02:07:40,227 - INFO - MQTTTransportStage: Unexpected disconnect (no pending connection op)
2025-09-19 02:07:40,228 - INFO - Connection State - Connected
2025-09-19 02:07:40,229 - INFO - _on_mqtt_connected called
2025-09-19 02:07:40,231 - INFO - Connection State - Disconnected
2025-09-19 02:07:40,235 - INFO - MQTTTransportStage: _on_mqtt_disconnect called: The connection was lost.
2025-09-19 02:07:40,238 - INFO - Cleared all pending method requests due to disconnect
2025-09-19 02:07:40,243 - WARNING - Exception caught in background thread.  Unable to handle.
2025-09-19 02:07:40,243 - INFO - MQTTTransportStage: Unexpected disconnect (no pending connection op)
2025-09-19 02:07:40,245 - WARNING - ['azure.iot.device.common.transport_exceptions.ConnectionDroppedError: Unexpected disconnection\n']
2025-09-19 02:07:40,247 - INFO - Connection State - Connected
2025-09-19 02:07:40,248 - INFO - Connect using port 8883 (TCP)
2025-09-19 02:07:40,250 - INFO - Connection State - Disconnected
2025-09-19 02:07:40,252 - INFO - Cleared all pending method requests due to disconnect
2025-09-19 02:07:40,255 - WARNING - Exception caught in background thread.  Unable to handle.
2025-09-19 02:07:40,257 - WARNING - ['azure.iot.device.common.transport_exceptions.ConnectionDroppedError: Unexpected disconnection\n']
2025-09-19 02:07:40,459 - INFO - connected with result code: 0
2025-09-19 02:07:41,064 - INFO - Connect using port 8883 (TCP)
2025-09-19 02:07:41,327 - INFO - connected with result code: 0
2025-09-19 02:07:41,332 - INFO - disconnected with result code: 7
2025-09-19 02:07:41,332 - INFO - Forcing paho disconnect to prevent it from automatically reconnecting
2025-09-19 02:07:41,922 - INFO - Connect using port 8883 (TCP)
2025-09-19 02:07:42,184 - INFO - disconnected with result code: 7
2025-09-19 02:07:42,187 - INFO - Forcing paho disconnect to prevent it from automatically reconnecting
2025-09-19 02:07:42,189 - INFO - connected with result code: 0
2025-09-19 02:07:42,777 - INFO - _on_mqtt_connected called
2025-09-19 02:07:42,777 - INFO - _on_mqtt_connected called
2025-09-19 02:07:42,778 - INFO - Connection State - Connected
2025-09-19 02:07:42,778 - INFO - MQTTTransportStage: _on_mqtt_disconnect called: The connection was lost.
2025-09-19 02:07:42,779 - INFO - Connection State - Connected
2025-09-19 02:07:42,780 - INFO - Successfully connected to Hub
2025-09-19 02:07:42,780 - INFO - MQTTTransportStage: Unexpected disconnect (no pending connection op)
2025-09-19 02:07:42,780 - INFO - Connection State - Disconnected
2025-09-19 02:07:42,781 - INFO - MQTTTransportStage: _on_mqtt_disconnect called: The connection was lost.
2025-09-19 02:07:42,781 - INFO - Cleared all pending method requests due to disconnect
2025-09-19 02:07:42,782 - WARNING - Exception caught in background thread.  Unable to handle.
2025-09-19 02:07:42,782 - WARNING - ['azure.iot.device.common.transport_exceptions.ConnectionDroppedError: Unexpected disconnection\n']
2025-09-19 02:07:42,782 - INFO - MQTTTransportStage: Unexpected disconnect (no pending connection op)
2025-09-19 02:07:42,782 - INFO - Connection State - Disconnected
2025-09-19 02:07:42,783 - INFO - _on_mqtt_connected called
2025-09-19 02:07:42,783 - INFO - Cleared all pending method requests due to disconnect
2025-09-19 02:07:42,784 - WARNING - Exception caught in background thread.  Unable to handle.
2025-09-19 02:07:42,784 - WARNING - ['azure.iot.device.common.transport_exceptions.ConnectionDroppedError: Unexpected disconnection\n']
2025-09-19 02:07:42,799 - INFO - Connection State - Connected
2025-09-19 02:07:42,805 - INFO - Connect using port 8883 (TCP)
2025-09-19 02:07:43,045 - INFO - disconnected with result code: 7
2025-09-19 02:07:43,046 - INFO - Forcing paho disconnect to prevent it from automatically reconnecting
2025-09-19 02:07:43,054 - INFO - connected with result code: 0
2025-09-19 02:07:43,644 - INFO - Connect using port 8883 (TCP)
2025-09-19 02:07:43,912 - INFO - connected with result code: 0
2025-09-19 02:07:43,922 - INFO - disconnected with result code: 7
2025-09-19 02:07:43,923 - INFO - Forcing paho disconnect to prevent it from automatically reconnecting
2025-09-19 02:07:44,441 - INFO - Creating client for connecting using MQTT over TCP
2025-09-19 02:07:44,458 - INFO - MQTTTransportStage: _on_mqtt_disconnect called: The connection was lost.
2025-09-19 02:07:44,459 - INFO - MQTTTransportStage: Unexpected disconnect (no pending connection op)
2025-09-19 02:07:44,459 - INFO - Connection State - Disconnected
2025-09-19 02:07:44,460 - INFO - _on_mqtt_connected called
2025-09-19 02:07:44,460 - INFO - Connecting to Hub...
2025-09-19 02:07:44,460 - INFO - Cleared all pending method requests due to disconnect
2025-09-19 02:07:44,460 - INFO - _on_mqtt_connected called
2025-09-19 02:07:44,461 - WARNING - Exception caught in background thread.  Unable to handle.
2025-09-19 02:07:44,461 - INFO - MQTTTransportStage: _on_mqtt_disconnect called: The connection was lost.
2025-09-19 02:07:44,461 - WARNING - ['azure.iot.device.common.transport_exceptions.ConnectionDroppedError: Unexpected disconnection\n']
2025-09-19 02:07:44,462 - INFO - MQTTTransportStage: Unexpected disconnect (no pending connection op)
2025-09-19 02:07:44,462 - INFO - Connection State - Connected
2025-09-19 02:07:44,462 - INFO - Connection State - Connected
2025-09-19 02:07:44,462 - INFO - Connect using port 8883 (TCP)
2025-09-19 02:07:44,462 - INFO - Connection State - Disconnected
2025-09-19 02:07:44,462 - INFO - Cleared all pending method requests due to disconnect
2025-09-19 02:07:44,462 - WARNING - Exception caught in background thread.  Unable to handle.
2025-09-19 02:07:44,463 - WARNING - ['azure.iot.device.common.transport_exceptions.ConnectionDroppedError: Unexpected disconnection\n']
2025-09-19 02:07:44,706 - INFO - connected with result code: 0
2025-09-19 02:07:44,710 - INFO - disconnected with result code: 7
2025-09-19 02:07:44,712 - INFO - Forcing paho disconnect to prevent it from automatically reconnecting
2025-09-19 02:07:45,370 - INFO - Connect using port 8883 (TCP)
2025-09-19 02:07:45,633 - INFO - connected with result code: 0
2025-09-19 02:07:46,263 - INFO - Connect using port 8883 (TCP)
2025-09-19 02:07:46,525 - INFO - disconnected with result code: 7
2025-09-19 02:07:46,527 - INFO - Forcing paho disconnect to prevent it from automatically reconnecting
2025-09-19 02:07:46,544 - INFO - connected with result code: 0
2025-09-19 02:07:47,110 - INFO - _on_mqtt_connected called
2025-09-19 02:07:47,111 - INFO - MQTTTransportStage: _on_mqtt_disconnect called: The connection was lost.
2025-09-19 02:07:47,111 - INFO - Connection State - Connected
2025-09-19 02:07:47,114 - INFO - MQTTTransportStage: Unexpected disconnect (no pending connection op)
2025-09-19 02:07:47,115 - INFO - Connection State - Disconnected
2025-09-19 02:07:47,115 - INFO - _on_mqtt_connected called
2025-09-19 02:07:47,116 - INFO - Cleared all pending method requests due to disconnect
2025-09-19 02:07:47,117 - INFO - MQTTTransportStage: _on_mqtt_disconnect called: The connection was lost.
2025-09-19 02:07:47,119 - WARNING - Exception caught in background thread.  Unable to handle.
2025-09-19 02:07:47,123 - INFO - MQTTTransportStage: Unexpected disconnect (no pending connection op)
2025-09-19 02:07:47,125 - WARNING - ['azure.iot.device.common.transport_exceptions.ConnectionDroppedError: Unexpected disconnection\n']
2025-09-19 02:07:47,127 - INFO - _on_mqtt_connected called
2025-09-19 02:07:47,128 - INFO - Connection State - Connected
2025-09-19 02:07:47,132 - INFO - Connection State - Disconnected
2025-09-19 02:07:47,135 - INFO - Successfully connected to Hub
2025-09-19 02:07:47,136 - INFO - Cleared all pending method requests due to disconnect
2025-09-19 02:07:47,143 - INFO - Sending message to Hub...
2025-09-19 02:07:47,143 - WARNING - Exception caught in background thread.  Unable to handle.
2025-09-19 02:07:47,145 - INFO - Connect using port 8883 (TCP)
2025-09-19 02:07:47,147 - INFO - Sending message to Hub...
2025-09-19 02:07:47,150 - WARNING - ['azure.iot.device.common.transport_exceptions.ConnectionDroppedError: Unexpected disconnection\n']
2025-09-19 02:07:47,157 - INFO - Connection State - Connected
2025-09-19 02:07:47,159 - INFO - Sending message to Hub...
2025-09-19 02:07:47,164 - INFO - Sending message to Hub...
2025-09-19 02:07:47,169 - INFO - Sending message to Hub...
2025-09-19 02:07:47,172 - INFO - Sending message to Hub...
2025-09-19 02:07:47,176 - INFO - Sending message to Hub...
2025-09-19 02:07:47,179 - INFO - Sending message to Hub...
2025-09-19 02:07:47,182 - INFO - Sending message to Hub...
2025-09-19 02:07:47,185 - INFO - Sending message to Hub...
2025-09-19 02:07:47,382 - INFO - connected with result code: 0
2025-09-19 02:07:47,392 - INFO - disconnected with result code: 7
2025-09-19 02:07:47,394 - INFO - Forcing paho disconnect to prevent it from automatically reconnecting
2025-09-19 02:07:48,030 - INFO - Connect using port 8883 (TCP)
2025-09-19 02:07:48,298 - INFO - disconnected with result code: 7
2025-09-19 02:07:48,300 - INFO - Forcing paho disconnect to prevent it from automatically reconnecting
2025-09-19 02:07:48,310 - INFO - connected with result code: 0
2025-09-19 02:07:48,831 - INFO - publishing on devices/med-ecg-001/messages/events/%24.ct=application%2Fjson&%24.ce=utf-8&deviceType=ECG&messageType=telemetry
2025-09-19 02:07:48,831 - INFO - publishing on devices/med-ventilator-004/messages/events/%24.ct=application%2Fjson&%24.ce=utf-8&deviceType=Ventilator&messageType=telemetry
2025-09-19 02:07:48,832 - INFO - publishing on devices/med-bloodpressuremonitor-005/messages/events/%24.ct=application%2Fjson&%24.ce=utf-8&deviceType=BloodPressureMonitor&messageType=telemetry
2025-09-19 02:07:48,833 - INFO - publishing on devices/med-glucometer-006/messages/events/%24.ct=application%2Fjson&%24.ce=utf-8&deviceType=Glucometer&messageType=telemetry
2025-09-19 02:07:48,833 - INFO - publishing on devices/med-thermometer-007/messages/events/%24.ct=application%2Fjson&%24.ce=utf-8&deviceType=Thermometer&messageType=telemetry
2025-09-19 02:07:48,834 - INFO - publishing on devices/med-defibrillator-008/messages/events/%24.ct=application%2Fjson&%24.ce=utf-8&deviceType=Defibrillator&messageType=telemetry
2025-09-19 02:07:48,835 - INFO - publishing on devices/med-eeg-009/messages/events/%24.ct=application%2Fjson&%24.ce=utf-8&deviceType=EEG&messageType=telemetry
2025-09-19 02:07:48,837 - INFO - publishing on devices/med-ultrasound-010/messages/events/%24.ct=application%2Fjson&%24.ce=utf-8&deviceType=Ultrasound&messageType=telemetry
2025-09-19 02:07:48,838 - INFO - _on_mqtt_connected called
2025-09-19 02:07:48,840 - INFO - publishing on devices/med-infusionpump-002/messages/events/%24.ct=application%2Fjson&%24.ce=utf-8&deviceType=InfusionPump&messageType=telemetry
2025-09-19 02:07:48,840 - INFO - Connection State - Connected
2025-09-19 02:07:48,840 - INFO - MQTTTransportStage: _on_mqtt_disconnect called: The connection was lost.
2025-09-19 02:07:48,842 - INFO - MQTTTransportStage: Unexpected disconnect (no pending connection op)
2025-09-19 02:07:48,842 - INFO - Connection State - Disconnected
2025-09-19 02:07:48,842 - INFO - MQTTTransportStage: _on_mqtt_disconnect called: The connection was lost.
2025-09-19 02:07:48,843 - INFO - Cleared all pending method requests due to disconnect
2025-09-19 02:07:48,844 - WARNING - Exception caught in background thread.  Unable to handle.
2025-09-19 02:07:48,844 - INFO - MQTTTransportStage: Unexpected disconnect (no pending connection op)
2025-09-19 02:07:48,845 - WARNING - ['azure.iot.device.common.transport_exceptions.ConnectionDroppedError: Unexpected disconnection\n']
2025-09-19 02:07:48,845 - INFO - _on_mqtt_connected called
2025-09-19 02:07:48,846 - INFO - Connection State - Disconnected
2025-09-19 02:07:48,846 - INFO - publishing on devices/med-pulseoximeter-003/messages/events/%24.ct=application%2Fjson&%24.ce=utf-8&deviceType=PulseOximeter&messageType=telemetry
2025-09-19 02:07:48,847 - INFO - Cleared all pending method requests due to disconnect
2025-09-19 02:07:48,848 - WARNING - Exception caught in background thread.  Unable to handle.
2025-09-19 02:07:48,849 - WARNING - ['azure.iot.device.common.transport_exceptions.ConnectionDroppedError: Unexpected disconnection\n']
2025-09-19 02:07:48,850 - INFO - Connection State - Connected
2025-09-19 02:07:48,858 - INFO - Connect using port 8883 (TCP)
2025-09-19 02:07:49,094 - INFO - connected with result code: 0
2025-09-19 02:07:49,120 - INFO - disconnected with result code: 7
2025-09-19 02:07:49,122 - INFO - Forcing paho disconnect to prevent it from automatically reconnecting
2025-09-19 02:07:49,194 - INFO - payload published for 1
2025-09-19 02:07:49,195 - INFO - payload published for 1
2025-09-19 02:07:49,196 - INFO - payload published for 1
2025-09-19 02:07:49,197 - INFO - payload published for 1
2025-09-19 02:07:49,198 - INFO - payload published for 1
2025-09-19 02:07:49,201 - INFO - payload published for 1
2025-09-19 02:07:49,203 - INFO - payload published for 1
2025-09-19 02:07:49,207 - INFO - payload published for 1
2025-09-19 02:07:49,213 - INFO - payload published for 1
2025-09-19 02:07:49,728 - INFO - Connect using port 8883 (TCP)
2025-09-19 02:07:49,995 - INFO - disconnected with result code: 7
2025-09-19 02:07:49,996 - INFO - Forcing paho disconnect to prevent it from automatically reconnecting
2025-09-19 02:07:50,001 - INFO - connected with result code: 0
2025-09-19 02:07:50,565 - INFO - _on_mqtt_connected called
2025-09-19 02:07:50,567 - INFO - MQTTTransportStage: _on_mqtt_disconnect called: The connection was lost.
2025-09-19 02:07:50,568 - INFO - Connection State - Connected
2025-09-19 02:07:50,573 - INFO - MQTTTransportStage: Unexpected disconnect (no pending connection op)
2025-09-19 02:07:50,574 - INFO - Connection State - Disconnected
2025-09-19 02:07:50,576 - INFO - MQTTTransportStage: _on_mqtt_disconnect called: The connection was lost.
2025-09-19 02:07:50,578 - INFO - Cleared all pending method requests due to disconnect
2025-09-19 02:07:50,582 - WARNING - Exception caught in background thread.  Unable to handle.
2025-09-19 02:07:50,584 - INFO - MQTTTransportStage: Unexpected disconnect (no pending connection op)
2025-09-19 02:07:50,585 - WARNING - ['azure.iot.device.common.transport_exceptions.ConnectionDroppedError: Unexpected disconnection\n']
2025-09-19 02:07:50,587 - INFO - _on_mqtt_connected called
2025-09-19 02:07:50,591 - INFO - Successfully sent message to Hub
2025-09-19 02:07:50,593 - INFO - Connection State - Disconnected
2025-09-19 02:07:50,594 - INFO - Successfully sent message to Hub
2025-09-19 02:07:50,597 - INFO - Cleared all pending method requests due to disconnect
2025-09-19 02:07:50,598 - INFO - Connect using port 8883 (TCP)
2025-09-19 02:07:50,603 - INFO - Successfully sent message to Hub
2025-09-19 02:07:50,604 - WARNING - Exception caught in background thread.  Unable to handle.
2025-09-19 02:07:50,608 - WARNING - ['azure.iot.device.common.transport_exceptions.ConnectionDroppedError: Unexpected disconnection\n']
2025-09-19 02:07:50,610 - INFO - Successfully sent message to Hub
2025-09-19 02:07:50,612 - INFO - Connection State - Connected
2025-09-19 02:07:50,614 - INFO - Successfully sent message to Hub
2025-09-19 02:07:50,617 - INFO - Successfully sent message to Hub
2025-09-19 02:07:50,620 - INFO - Successfully sent message to Hub
2025-09-19 02:07:50,622 - INFO - Successfully sent message to Hub
2025-09-19 02:07:50,625 - INFO - Successfully sent message to Hub
2025-09-19 02:07:50,702 - INFO - Sending message to Hub...
2025-09-19 02:07:50,703 - INFO - Sending message to Hub...
2025-09-19 02:07:50,703 - INFO - Sending message to Hub...
2025-09-19 02:07:50,705 - INFO - Sending message to Hub...
2025-09-19 02:07:50,733 - INFO - Sending message to Hub...
2025-09-19 02:07:50,733 - INFO - Sending message to Hub...
2025-09-19 02:07:50,734 - INFO - Sending message to Hub...
2025-09-19 02:07:50,734 - INFO - Sending message to Hub...
2025-09-19 02:07:50,735 - INFO - Sending message to Hub...
2025-09-19 02:07:50,832 - INFO - connected with result code: 0
2025-09-19 02:07:50,843 - INFO - disconnected with result code: 7
2025-09-19 02:07:50,845 - INFO - Forcing paho disconnect to prevent it from automatically reconnecting
2025-09-19 02:07:51,400 - INFO - Connect using port 8883 (TCP)
2025-09-19 02:07:51,669 - INFO - connected with result code: 0
2025-09-19 02:07:51,692 - INFO - disconnected with result code: 7
2025-09-19 02:07:51,693 - INFO - Forcing paho disconnect to prevent it from automatically reconnecting
2025-09-19 02:07:52,260 - INFO - publishing on devices/med-thermometer-007/messages/events/%24.ct=application%2Fjson&%24.ce=utf-8&deviceType=Thermometer&messageType=telemetry
2025-09-19 02:07:52,263 - INFO - publishing on devices/med-bloodpressuremonitor-005/messages/events/%24.ct=application%2Fjson&%24.ce=utf-8&deviceType=BloodPressureMonitor&messageType=telemetry
2025-09-19 02:07:52,267 - INFO - publishing on devices/med-ventilator-004/messages/events/%24.ct=application%2Fjson&%24.ce=utf-8&deviceType=Ventilator&messageType=telemetry
2025-09-19 02:07:52,268 - INFO - publishing on devices/med-glucometer-006/messages/events/%24.ct=application%2Fjson&%24.ce=utf-8&deviceType=Glucometer&messageType=telemetry
2025-09-19 02:07:52,272 - INFO - publishing on devices/med-eeg-009/messages/events/%24.ct=application%2Fjson&%24.ce=utf-8&deviceType=EEG&messageType=telemetry
2025-09-19 02:07:52,274 - INFO - publishing on devices/med-pulseoximeter-003/messages/events/%24.ct=application%2Fjson&%24.ce=utf-8&deviceType=PulseOximeter&messageType=telemetry
2025-09-19 02:07:52,276 - INFO - publishing on devices/med-defibrillator-008/messages/events/%24.ct=application%2Fjson&%24.ce=utf-8&deviceType=Defibrillator&messageType=telemetry
2025-09-19 02:07:52,277 - INFO - Callback completed with error The client is not currently connected.
2025-09-19 02:07:52,280 - INFO - publishing on devices/med-ultrasound-010/messages/events/%24.ct=application%2Fjson&%24.ce=utf-8&deviceType=Ultrasound&messageType=telemetry
2025-09-19 02:07:52,282 - INFO - ['azure.iot.device.common.transport_exceptions.NoConnectionError: The client is not currently connected.\n']
2025-09-19 02:07:52,285 - INFO - _on_mqtt_connected called
2025-09-19 02:07:52,289 - INFO - MQTTTransportStage: _on_mqtt_disconnect called: The connection was lost.
2025-09-19 02:07:52,291 - INFO - Connection State - Connected
2025-09-19 02:07:52,293 - INFO - MQTTTransportStage: Unexpected disconnect (no pending connection op)
2025-09-19 02:07:52,294 - INFO - Connection State - Disconnected
2025-09-19 02:07:52,295 - INFO - _on_mqtt_connected called
2025-09-19 02:07:52,296 - INFO - Cleared all pending method requests due to disconnect
2025-09-19 02:07:52,298 - INFO - publishing on devices/med-infusionpump-002/messages/events/%24.ct=application%2Fjson&%24.ce=utf-8&deviceType=InfusionPump&messageType=telemetry
2025-09-19 02:07:52,299 - WARNING - Exception caught in background thread.  Unable to handle.
2025-09-19 02:07:52,300 - INFO - MQTTTransportStage: _on_mqtt_disconnect called: The connection was lost.
2025-09-19 02:07:52,301 - WARNING - ['azure.iot.device.common.transport_exceptions.ConnectionDroppedError: Unexpected disconnection\n']
2025-09-19 02:07:52,305 - INFO - MQTTTransportStage: Unexpected disconnect (no pending connection op)
2025-09-19 02:07:52,306 - INFO - Connection State - Connected
2025-09-19 02:07:52,308 - INFO - Connection State - Disconnected
2025-09-19 02:07:52,309 - INFO - Cleared all pending method requests due to disconnect
2025-09-19 02:07:52,310 - WARNING - Exception caught in background thread.  Unable to handle.
2025-09-19 02:07:52,312 - WARNING - ['azure.iot.device.common.transport_exceptions.ConnectionDroppedError: Unexpected disconnection\n']
2025-09-19 02:07:52,317 - INFO - Connect using port 8883 (TCP)
2025-09-19 02:07:52,523 - INFO - connected with result code: 0
2025-09-19 02:07:52,526 - INFO - disconnected with result code: 7
2025-09-19 02:07:52,528 - INFO - Forcing paho disconnect to prevent it from automatically reconnecting
2025-09-19 02:07:52,616 - INFO - payload published for 2
2025-09-19 02:07:52,623 - INFO - payload published for 2
2025-09-19 02:07:52,625 - INFO - payload published for 2
2025-09-19 02:07:52,627 - INFO - payload published for 2
2025-09-19 02:07:52,628 - INFO - payload published for 2
2025-09-19 02:07:52,636 - INFO - payload published for 2
2025-09-19 02:07:52,636 - INFO - payload published for 2
2025-09-19 02:07:52,673 - INFO - payload published for 2
2025-09-19 02:07:52,888 - INFO - payload published for 1
2025-09-19 02:07:53,148 - INFO - Connect using port 8883 (TCP)
2025-09-19 02:07:53,422 - INFO - connected with result code: 0
2025-09-19 02:07:53,424 - INFO - disconnected with result code: 7
2025-09-19 02:07:53,425 - INFO - Forcing paho disconnect to prevent it from automatically reconnecting
2025-09-19 02:07:53,818 - INFO - payload published for 2
2025-09-19 02:07:53,958 - INFO - _on_mqtt_connected called
2025-09-19 02:07:53,960 - INFO - MQTTTransportStage: _on_mqtt_disconnect called: The connection was lost.
2025-09-19 02:07:53,961 - INFO - Connection State - Connected
2025-09-19 02:07:53,964 - INFO - MQTTTransportStage: Unexpected disconnect (no pending connection op)
2025-09-19 02:07:53,965 - INFO - Connection State - Disconnected
2025-09-19 02:07:53,967 - INFO - _on_mqtt_connected called
2025-09-19 02:07:53,968 - INFO - Cleared all pending method requests due to disconnect
2025-09-19 02:07:53,968 - INFO - MQTTTransportStage: _on_mqtt_disconnect called: The connection was lost.
2025-09-19 02:07:53,969 - WARNING - Exception caught in background thread.  Unable to handle.
2025-09-19 02:07:53,970 - WARNING - ['azure.iot.device.common.transport_exceptions.ConnectionDroppedError: Unexpected disconnection\n']
2025-09-19 02:07:53,971 - INFO - MQTTTransportStage: Unexpected disconnect (no pending connection op)
2025-09-19 02:07:53,971 - INFO - Successfully sent message to Hub
2025-09-19 02:07:53,972 - INFO - Connection State - Connected
2025-09-19 02:07:53,972 - INFO - Successfully sent message to Hub
2025-09-19 02:07:53,972 - INFO - Connection State - Disconnected
2025-09-19 02:07:53,973 - INFO - Successfully sent message to Hub
2025-09-19 02:07:53,973 - INFO - Cleared all pending method requests due to disconnect
2025-09-19 02:07:53,973 - INFO - Successfully sent message to Hub
2025-09-19 02:07:53,973 - WARNING - Exception caught in background thread.  Unable to handle.
2025-09-19 02:07:53,974 - INFO - Successfully sent message to Hub
2025-09-19 02:07:53,974 - WARNING - ['azure.iot.device.common.transport_exceptions.ConnectionDroppedError: Unexpected disconnection\n']
2025-09-19 02:07:53,974 - INFO - Successfully sent message to Hub
2025-09-19 02:07:53,974 - INFO - Successfully sent message to Hub
2025-09-19 02:07:53,974 - INFO - Successfully sent message to Hub
2025-09-19 02:07:53,976 - INFO - Successfully sent message to Hub
2025-09-19 02:07:53,988 - INFO - Connect using port 8883 (TCP)
2025-09-19 02:07:54,063 - INFO - Sending message to Hub...
2025-09-19 02:07:54,064 - INFO - Sending message to Hub...
2025-09-19 02:07:54,065 - INFO - Sending message to Hub...
2025-09-19 02:07:54,067 - INFO - Sending message to Hub...
2025-09-19 02:07:54,067 - INFO - Sending message to Hub...
2025-09-19 02:07:54,070 - INFO - Sending message to Hub...
2025-09-19 02:07:54,071 - INFO - Sending message to Hub...
2025-09-19 02:07:54,093 - INFO - Sending message to Hub...
2025-09-19 02:07:54,095 - INFO - Sending message to Hub...
2025-09-19 02:07:54,219 - INFO - connected with result code: 0
2025-09-19 02:07:54,223 - INFO - disconnected with result code: 7
2025-09-19 02:07:54,224 - INFO - Forcing paho disconnect to prevent it from automatically reconnecting
2025-09-19 02:07:54,837 - INFO - Connect using port 8883 (TCP)
2025-09-19 02:07:55,099 - INFO - connected with result code: 0
2025-09-19 02:07:55,110 - INFO - disconnected with result code: 7
2025-09-19 02:07:55,111 - INFO - Forcing paho disconnect to prevent it from automatically reconnecting
2025-09-19 02:07:55,666 - INFO - publishing on devices/med-thermometer-007/messages/events/%24.ct=application%2Fjson&%24.ce=utf-8&deviceType=Thermometer&messageType=telemetry
2025-09-19 02:07:55,668 - INFO - publishing on devices/med-eeg-009/messages/events/%24.ct=application%2Fjson&%24.ce=utf-8&deviceType=EEG&messageType=telemetry
2025-09-19 02:07:55,668 - INFO - publishing on devices/med-ultrasound-010/messages/events/%24.ct=application%2Fjson&%24.ce=utf-8&deviceType=Ultrasound&messageType=telemetry
2025-09-19 02:07:55,670 - INFO - publishing on devices/med-glucometer-006/messages/events/%24.ct=application%2Fjson&%24.ce=utf-8&deviceType=Glucometer&messageType=telemetry
2025-09-19 02:07:55,671 - INFO - publishing on devices/med-ventilator-004/messages/events/%24.ct=application%2Fjson&%24.ce=utf-8&deviceType=Ventilator&messageType=telemetry
2025-09-19 02:07:55,674 - INFO - publishing on devices/med-bloodpressuremonitor-005/messages/events/%24.ct=application%2Fjson&%24.ce=utf-8&deviceType=BloodPressureMonitor&messageType=telemetry
2025-09-19 02:07:55,675 - INFO - publishing on devices/med-defibrillator-008/messages/events/%24.ct=application%2Fjson&%24.ce=utf-8&deviceType=Defibrillator&messageType=telemetry
2025-09-19 02:07:55,676 - INFO - publishing on devices/med-ecg-001/messages/events/%24.ct=application%2Fjson&%24.ce=utf-8&deviceType=ECG&messageType=telemetry
2025-09-19 02:07:55,677 - INFO - publishing on devices/med-infusionpump-002/messages/events/%24.ct=application%2Fjson&%24.ce=utf-8&deviceType=InfusionPump&messageType=telemetry
2025-09-19 02:07:55,678 - INFO - _on_mqtt_connected called
2025-09-19 02:07:55,680 - INFO - MQTTTransportStage: _on_mqtt_disconnect called: The connection was lost.
2025-09-19 02:07:55,680 - INFO - Callback completed with error The client is not currently connected.
2025-09-19 02:07:55,681 - INFO - ['azure.iot.device.common.transport_exceptions.NoConnectionError: The client is not currently connected.\n']
2025-09-19 02:07:55,681 - INFO - MQTTTransportStage: Unexpected disconnect (no pending connection op)
2025-09-19 02:07:55,681 - INFO - Connection State - Connected
2025-09-19 02:07:55,682 - INFO - _on_mqtt_connected called
2025-09-19 02:07:55,682 - INFO - Connection State - Disconnected
2025-09-19 02:07:55,682 - INFO - MQTTTransportStage: _on_mqtt_disconnect called: The connection was lost.
2025-09-19 02:07:55,682 - INFO - Cleared all pending method requests due to disconnect
2025-09-19 02:07:55,683 - WARNING - Exception caught in background thread.  Unable to handle.
2025-09-19 02:07:55,683 - INFO - MQTTTransportStage: Unexpected disconnect (no pending connection op)
2025-09-19 02:07:55,683 - WARNING - ['azure.iot.device.common.transport_exceptions.ConnectionDroppedError: Unexpected disconnection\n']
2025-09-19 02:07:55,684 - INFO - Connection State - Connected
2025-09-19 02:07:55,684 - INFO - Connection State - Disconnected
2025-09-19 02:07:55,684 - INFO - Cleared all pending method requests due to disconnect
2025-09-19 02:07:55,684 - WARNING - Exception caught in background thread.  Unable to handle.
2025-09-19 02:07:55,685 - WARNING - ['azure.iot.device.common.transport_exceptions.ConnectionDroppedError: Unexpected disconnection\n']
2025-09-19 02:07:55,700 - INFO - Connect using port 8883 (TCP)
2025-09-19 02:07:55,932 - INFO - connected with result code: 0
2025-09-19 02:07:55,935 - INFO - disconnected with result code: 7
2025-09-19 02:07:55,936 - INFO - Forcing paho disconnect to prevent it from automatically reconnecting
2025-09-19 02:07:56,022 - INFO - payload published for 3
2025-09-19 02:07:56,024 - INFO - payload published for 3
2025-09-19 02:07:56,027 - INFO - payload published for 3
2025-09-19 02:07:56,028 - INFO - payload published for 3
2025-09-19 02:07:56,033 - INFO - payload published for 3
2025-09-19 02:07:56,040 - INFO - payload published for 3
2025-09-19 02:07:56,051 - INFO - payload published for 3
2025-09-19 02:08:06,872 - INFO - Loaded 10 devices
2025-09-19 02:08:09,659 - INFO - API Request - IP: 127.0.0.1 | Endpoint: /api/devices | Method: GET | Details: Fetching all devices
2025-09-19 02:08:28,548 - INFO - API Request - IP: 127.0.0.1 | Endpoint: /api/devices | Method: GET | Details: Fetching all devices
2025-09-19 02:08:36,577 - INFO - API Request - IP: 127.0.0.1 | Endpoint: /api/devices | Method: GET | Details: Fetching all devices
2025-09-19 02:08:45,057 - INFO - API Request - IP: 127.0.0.1 | Endpoint: /api/devices/connect | Method: POST | Details: Connecting devices: ['med-ecg-001']
2025-09-19 02:08:45,085 - INFO - Creating client for connecting using MQTT over TCP
2025-09-19 02:08:45,135 - INFO - Connecting to Hub...
2025-09-19 02:08:45,138 - INFO - Connect using port 8883 (TCP)
2025-09-19 02:08:46,294 - INFO - connected with result code: 0
2025-09-19 02:08:46,296 - INFO - _on_mqtt_connected called
2025-09-19 02:08:46,298 - INFO - Connection State - Connected
2025-09-19 02:08:46,299 - INFO - Successfully connected to Hub
2025-09-19 02:08:46,345 - INFO - API Request - IP: 127.0.0.1 | Endpoint: /api/devices | Method: GET | Details: Fetching all devices
2025-09-19 02:08:48,042 - INFO - API Request - IP: 127.0.0.1 | Endpoint: /api/telemetry/sample/ECG | Method: GET | Details: Getting sample data for: ECG
2025-09-19 02:08:48,054 - INFO - API Request - IP: 127.0.0.1 | Endpoint: /api/telemetry/send | Method: POST | Details: Sending telemetry - Devices: ['med-ecg-001'], Count: 1
2025-09-19 02:08:48,067 - INFO - Creating client for connecting using MQTT over TCP
2025-09-19 02:08:48,080 - INFO - Connecting to Hub...
2025-09-19 02:08:48,080 - INFO - Connect using port 8883 (TCP)
2025-09-19 02:08:49,147 - INFO - connected with result code: 0
2025-09-19 02:08:49,149 - INFO - _on_mqtt_connected called
2025-09-19 02:08:49,151 - INFO - Connection State - Connected
2025-09-19 02:08:49,154 - INFO - Successfully connected to Hub
2025-09-19 02:08:49,157 - INFO - Sending message to Hub...
2025-09-19 02:08:49,160 - INFO - publishing on devices/med-ecg-001/messages/events/%24.ct=application%2Fjson&%24.ce=utf-8&deviceType=ECG&messageType=telemetry
2025-09-19 02:08:49,162 - INFO - disconnected with result code: 7
2025-09-19 02:08:49,176 - INFO - Forcing paho disconnect to prevent it from automatically reconnecting
2025-09-19 02:08:49,177 - INFO - MQTTTransportStage: _on_mqtt_disconnect called: The connection was lost.
2025-09-19 02:08:49,182 - INFO - MQTTTransportStage: Unexpected disconnect (no pending connection op)
2025-09-19 02:08:49,182 - INFO - Connection State - Disconnected
2025-09-19 02:08:49,184 - INFO - Cleared all pending method requests due to disconnect
2025-09-19 02:08:49,187 - WARNING - Exception caught in background thread.  Unable to handle.
2025-09-19 02:08:49,188 - WARNING - ['azure.iot.device.common.transport_exceptions.ConnectionDroppedError: Unexpected disconnection\n']
2025-09-19 02:08:49,198 - INFO - Connect using port 8883 (TCP)
2025-09-19 02:08:49,524 - INFO - payload published for 1
2025-09-19 02:08:50,009 - INFO - Successfully sent message to Hub
2025-09-19 02:08:50,272 - INFO - connected with result code: 0
2025-09-19 02:08:50,274 - INFO - _on_mqtt_connected called
2025-09-19 02:08:50,275 - INFO - disconnected with result code: 7
2025-09-19 02:08:50,277 - INFO - Connection State - Connected
2025-09-19 02:08:50,279 - INFO - Forcing paho disconnect to prevent it from automatically reconnecting
2025-09-19 02:08:50,281 - INFO - MQTTTransportStage: _on_mqtt_disconnect called: The connection was lost.
2025-09-19 02:08:50,286 - INFO - MQTTTransportStage: Unexpected disconnect (no pending connection op)
2025-09-19 02:08:50,287 - INFO - Connection State - Disconnected
2025-09-19 02:08:50,291 - INFO - Cleared all pending method requests due to disconnect
2025-09-19 02:08:50,292 - WARNING - Exception caught in background thread.  Unable to handle.
2025-09-19 02:08:50,294 - WARNING - ['azure.iot.device.common.transport_exceptions.ConnectionDroppedError: Unexpected disconnection\n']
2025-09-19 02:08:50,302 - INFO - Connect using port 8883 (TCP)
2025-09-19 02:08:51,380 - INFO - connected with result code: 0
2025-09-19 02:08:51,381 - INFO - disconnected with result code: 7
2025-09-19 02:08:51,382 - INFO - _on_mqtt_connected called
2025-09-19 02:08:51,385 - INFO - Forcing paho disconnect to prevent it from automatically reconnecting
2025-09-19 02:08:51,387 - INFO - Connection State - Connected
2025-09-19 02:08:51,389 - INFO - MQTTTransportStage: _on_mqtt_disconnect called: The connection was lost.
2025-09-19 02:08:51,394 - INFO - MQTTTransportStage: Unexpected disconnect (no pending connection op)
2025-09-19 02:08:51,395 - INFO - Connection State - Disconnected
2025-09-19 02:08:51,398 - INFO - Cleared all pending method requests due to disconnect
2025-09-19 02:08:51,400 - WARNING - Exception caught in background thread.  Unable to handle.
2025-09-19 02:08:51,402 - WARNING - ['azure.iot.device.common.transport_exceptions.ConnectionDroppedError: Unexpected disconnection\n']
2025-09-19 02:08:51,409 - INFO - Connect using port 8883 (TCP)
2025-09-19 02:08:52,569 - INFO - connected with result code: 0
2025-09-19 02:08:52,571 - INFO - disconnected with result code: 7
2025-09-19 02:08:52,572 - INFO - _on_mqtt_connected called
2025-09-19 02:08:52,573 - INFO - Forcing paho disconnect to prevent it from automatically reconnecting
2025-09-19 02:08:52,573 - INFO - Connection State - Connected
2025-09-19 02:08:52,574 - INFO - MQTTTransportStage: _on_mqtt_disconnect called: The connection was lost.
2025-09-19 02:08:52,575 - INFO - MQTTTransportStage: Unexpected disconnect (no pending connection op)
2025-09-19 02:08:52,576 - INFO - Connection State - Disconnected
2025-09-19 02:08:52,576 - INFO - Cleared all pending method requests due to disconnect
2025-09-19 02:08:52,576 - WARNING - Exception caught in background thread.  Unable to handle.
2025-09-19 02:08:52,577 - WARNING - ['azure.iot.device.common.transport_exceptions.ConnectionDroppedError: Unexpected disconnection\n']
2025-09-19 02:08:52,590 - INFO - Connect using port 8883 (TCP)
2025-09-19 02:08:53,653 - INFO - connected with result code: 0
2025-09-19 02:08:53,654 - INFO - _on_mqtt_connected called
2025-09-19 02:08:53,655 - INFO - Connection State - Connected
2025-09-19 02:08:53,663 - INFO - disconnected with result code: 7
2025-09-19 02:08:53,664 - INFO - Forcing paho disconnect to prevent it from automatically reconnecting
2025-09-19 02:08:53,666 - INFO - MQTTTransportStage: _on_mqtt_disconnect called: The connection was lost.
2025-09-19 02:08:53,671 - INFO - MQTTTransportStage: Unexpected disconnect (no pending connection op)
2025-09-19 02:08:53,672 - INFO - Connection State - Disconnected
2025-09-19 02:08:53,676 - INFO - Cleared all pending method requests due to disconnect
2025-09-19 02:08:53,678 - WARNING - Exception caught in background thread.  Unable to handle.
2025-09-19 02:08:53,680 - WARNING - ['azure.iot.device.common.transport_exceptions.ConnectionDroppedError: Unexpected disconnection\n']
2025-09-19 02:08:53,694 - INFO - Connect using port 8883 (TCP)
2025-09-19 02:08:54,837 - INFO - connected with result code: 0
2025-09-19 02:08:54,839 - INFO - _on_mqtt_connected called
2025-09-19 02:08:54,841 - INFO - disconnected with result code: 7
2025-09-19 02:08:54,841 - INFO - Connection State - Connected
2025-09-19 02:08:54,846 - INFO - Forcing paho disconnect to prevent it from automatically reconnecting
2025-09-19 02:08:54,847 - INFO - MQTTTransportStage: _on_mqtt_disconnect called: The connection was lost.
2025-09-19 02:08:54,853 - INFO - MQTTTransportStage: Unexpected disconnect (no pending connection op)
2025-09-19 02:08:54,854 - INFO - Connection State - Disconnected
2025-09-19 02:08:54,856 - INFO - Cleared all pending method requests due to disconnect
2025-09-19 02:08:54,857 - WARNING - Exception caught in background thread.  Unable to handle.
2025-09-19 02:08:54,859 - WARNING - ['azure.iot.device.common.transport_exceptions.ConnectionDroppedError: Unexpected disconnection\n']
2025-09-19 02:08:54,877 - INFO - Connect using port 8883 (TCP)
2025-09-19 02:08:55,973 - INFO - connected with result code: 0
2025-09-19 02:08:55,975 - INFO - _on_mqtt_connected called
2025-09-19 02:08:55,977 - INFO - disconnected with result code: 7
2025-09-19 02:08:55,979 - INFO - Connection State - Connected
2025-09-19 02:08:55,980 - INFO - Forcing paho disconnect to prevent it from automatically reconnecting
2025-09-19 02:08:55,984 - INFO - MQTTTransportStage: _on_mqtt_disconnect called: The connection was lost.
2025-09-19 02:08:55,989 - INFO - MQTTTransportStage: Unexpected disconnect (no pending connection op)
2025-09-19 02:08:55,989 - INFO - Connection State - Disconnected
2025-09-19 02:08:55,992 - INFO - Cleared all pending method requests due to disconnect
2025-09-19 02:08:55,993 - WARNING - Exception caught in background thread.  Unable to handle.
2025-09-19 02:08:55,994 - WARNING - ['azure.iot.device.common.transport_exceptions.ConnectionDroppedError: Unexpected disconnection\n']
2025-09-19 02:08:56,014 - INFO - Connect using port 8883 (TCP)
2025-09-19 02:08:57,166 - INFO - disconnected with result code: 7
2025-09-19 02:08:57,169 - INFO - Forcing paho disconnect to prevent it from automatically reconnecting
2025-09-19 02:08:57,171 - INFO - MQTTTransportStage: _on_mqtt_disconnect called: The connection was lost.
2025-09-19 02:08:57,176 - INFO - MQTTTransportStage: Unexpected disconnect (no pending connection op)
2025-09-19 02:08:57,177 - INFO - Connection State - Disconnected
2025-09-19 02:08:57,179 - INFO - Cleared all pending method requests due to disconnect
2025-09-19 02:08:57,181 - WARNING - Exception caught in background thread.  Unable to handle.
2025-09-19 02:08:57,184 - INFO - connected with result code: 0
2025-09-19 02:08:57,185 - WARNING - ['azure.iot.device.common.transport_exceptions.ConnectionDroppedError: Unexpected disconnection\n']
2025-09-19 02:08:57,187 - INFO - _on_mqtt_connected called
2025-09-19 02:08:57,191 - INFO - Connection State - Connected
2025-09-19 02:08:57,202 - INFO - Connect using port 8883 (TCP)
2025-09-19 02:08:58,307 - INFO - connected with result code: 0
2025-09-19 02:08:58,309 - INFO - _on_mqtt_connected called
2025-09-19 02:08:58,312 - INFO - Connection State - Connected
2025-09-19 02:08:58,320 - INFO - disconnected with result code: 7
2025-09-19 02:08:58,322 - INFO - Forcing paho disconnect to prevent it from automatically reconnecting
2025-09-19 02:08:58,323 - INFO - MQTTTransportStage: _on_mqtt_disconnect called: The connection was lost.
2025-09-19 02:08:58,325 - INFO - MQTTTransportStage: Unexpected disconnect (no pending connection op)
2025-09-19 02:08:58,326 - INFO - Connection State - Disconnected
2025-09-19 02:08:58,329 - INFO - Cleared all pending method requests due to disconnect
2025-09-19 02:08:58,329 - WARNING - Exception caught in background thread.  Unable to handle.
2025-09-19 02:08:58,331 - WARNING - ['azure.iot.device.common.transport_exceptions.ConnectionDroppedError: Unexpected disconnection\n']
2025-09-19 02:08:58,339 - INFO - Connect using port 8883 (TCP)
2025-09-19 02:08:59,402 - INFO - connected with result code: 0
2025-09-19 02:08:59,405 - INFO - _on_mqtt_connected called
2025-09-19 02:08:59,406 - INFO - disconnected with result code: 7
2025-09-19 02:08:59,408 - INFO - Connection State - Connected
2025-09-19 02:08:59,410 - INFO - Forcing paho disconnect to prevent it from automatically reconnecting
2025-09-19 02:08:59,413 - INFO - MQTTTransportStage: _on_mqtt_disconnect called: The connection was lost.
2025-09-19 02:08:59,416 - INFO - MQTTTransportStage: Unexpected disconnect (no pending connection op)
2025-09-19 02:08:59,416 - INFO - Connection State - Disconnected
2025-09-19 02:08:59,419 - INFO - Cleared all pending method requests due to disconnect
2025-09-19 02:08:59,420 - WARNING - Exception caught in background thread.  Unable to handle.
2025-09-19 02:08:59,422 - WARNING - ['azure.iot.device.common.transport_exceptions.ConnectionDroppedError: Unexpected disconnection\n']
2025-09-19 02:08:59,432 - INFO - Connect using port 8883 (TCP)
2025-09-19 02:09:00,534 - INFO - disconnected with result code: 7
2025-09-19 02:09:00,535 - INFO - connected with result code: 0
2025-09-19 02:09:00,540 - INFO - Forcing paho disconnect to prevent it from automatically reconnecting
2025-09-19 02:09:00,542 - INFO - _on_mqtt_connected called
2025-09-19 02:09:00,545 - INFO - MQTTTransportStage: _on_mqtt_disconnect called: The connection was lost.
2025-09-19 02:09:00,546 - INFO - Connection State - Connected
2025-09-19 02:09:00,550 - INFO - MQTTTransportStage: Unexpected disconnect (no pending connection op)
2025-09-19 02:09:00,553 - INFO - Connection State - Disconnected
2025-09-19 02:09:00,557 - INFO - Cleared all pending method requests due to disconnect
2025-09-19 02:09:00,559 - WARNING - Exception caught in background thread.  Unable to handle.
2025-09-19 02:09:00,561 - WARNING - ['azure.iot.device.common.transport_exceptions.ConnectionDroppedError: Unexpected disconnection\n']
2025-09-19 02:09:00,566 - INFO - Connect using port 8883 (TCP)
2025-09-19 02:09:01,706 - INFO - disconnected with result code: 7
2025-09-19 02:09:01,709 - INFO - Forcing paho disconnect to prevent it from automatically reconnecting
2025-09-19 02:09:01,711 - INFO - MQTTTransportStage: _on_mqtt_disconnect called: The connection was lost.
2025-09-19 02:09:01,713 - INFO - connected with result code: 0
2025-09-19 02:09:01,714 - INFO - MQTTTransportStage: Unexpected disconnect (no pending connection op)
2025-09-19 02:09:01,715 - INFO - Connection State - Disconnected
2025-09-19 02:09:01,719 - INFO - _on_mqtt_connected called
2025-09-19 02:09:01,721 - INFO - Cleared all pending method requests due to disconnect
2025-09-19 02:09:01,724 - WARNING - Exception caught in background thread.  Unable to handle.
2025-09-19 02:09:01,726 - WARNING - ['azure.iot.device.common.transport_exceptions.ConnectionDroppedError: Unexpected disconnection\n']
2025-09-19 02:09:01,727 - INFO - Connection State - Connected
2025-09-19 02:09:01,731 - INFO - Connect using port 8883 (TCP)
2025-09-19 02:09:02,896 - INFO - connected with result code: 0
2025-09-19 02:09:02,898 - INFO - _on_mqtt_connected called
2025-09-19 02:09:02,900 - INFO - Connection State - Connected
2025-09-19 02:09:02,906 - INFO - disconnected with result code: 7
2025-09-19 02:09:02,909 - INFO - Forcing paho disconnect to prevent it from automatically reconnecting
2025-09-19 02:09:02,910 - INFO - MQTTTransportStage: _on_mqtt_disconnect called: The connection was lost.
2025-09-19 02:09:02,911 - INFO - MQTTTransportStage: Unexpected disconnect (no pending connection op)
2025-09-19 02:09:02,912 - INFO - Connection State - Disconnected
2025-09-19 02:09:02,912 - INFO - Cleared all pending method requests due to disconnect
2025-09-19 02:09:02,913 - WARNING - Exception caught in background thread.  Unable to handle.
2025-09-19 02:09:02,913 - WARNING - ['azure.iot.device.common.transport_exceptions.ConnectionDroppedError: Unexpected disconnection\n']
2025-09-19 02:09:02,929 - INFO - Connect using port 8883 (TCP)
2025-09-19 02:09:04,093 - INFO - disconnected with result code: 7
2025-09-19 02:09:04,096 - INFO - Forcing paho disconnect to prevent it from automatically reconnecting
2025-09-19 02:09:04,097 - INFO - MQTTTransportStage: _on_mqtt_disconnect called: The connection was lost.
2025-09-19 02:09:04,100 - INFO - MQTTTransportStage: Unexpected disconnect (no pending connection op)
2025-09-19 02:09:04,100 - INFO - Connection State - Disconnected
2025-09-19 02:09:04,101 - INFO - Cleared all pending method requests due to disconnect
2025-09-19 02:09:04,101 - WARNING - Exception caught in background thread.  Unable to handle.
2025-09-19 02:09:04,102 - WARNING - ['azure.iot.device.common.transport_exceptions.ConnectionDroppedError: Unexpected disconnection\n']
2025-09-19 02:09:04,102 - INFO - connected with result code: 0
2025-09-19 02:09:04,102 - INFO - _on_mqtt_connected called
2025-09-19 02:09:04,103 - INFO - Connection State - Connected
2025-09-19 02:09:04,113 - INFO - Connect using port 8883 (TCP)
2025-09-19 02:09:05,249 - INFO - connected with result code: 0
2025-09-19 02:09:05,251 - INFO - _on_mqtt_connected called
2025-09-19 02:09:05,255 - INFO - Connection State - Connected
2025-09-19 02:09:05,259 - INFO - disconnected with result code: 7
2025-09-19 02:09:05,262 - INFO - Forcing paho disconnect to prevent it from automatically reconnecting
2025-09-19 02:09:05,265 - INFO - MQTTTransportStage: _on_mqtt_disconnect called: The connection was lost.
2025-09-19 02:09:05,269 - INFO - MQTTTransportStage: Unexpected disconnect (no pending connection op)
2025-09-19 02:09:05,270 - INFO - Connection State - Disconnected
2025-09-19 02:09:05,274 - INFO - Cleared all pending method requests due to disconnect
2025-09-19 02:09:05,276 - WARNING - Exception caught in background thread.  Unable to handle.
2025-09-19 02:09:05,278 - WARNING - ['azure.iot.device.common.transport_exceptions.ConnectionDroppedError: Unexpected disconnection\n']
2025-09-19 02:09:05,283 - INFO - Connect using port 8883 (TCP)
2025-09-19 02:09:06,442 - INFO - disconnected with result code: 7
2025-09-19 02:09:06,443 - INFO - Forcing paho disconnect to prevent it from automatically reconnecting
2025-09-19 02:09:06,444 - INFO - MQTTTransportStage: _on_mqtt_disconnect called: The connection was lost.
2025-09-19 02:09:06,446 - INFO - MQTTTransportStage: Unexpected disconnect (no pending connection op)
2025-09-19 02:09:06,446 - INFO - Connection State - Disconnected
2025-09-19 02:09:06,447 - INFO - connected with result code: 0
2025-09-19 02:09:06,447 - INFO - Cleared all pending method requests due to disconnect
2025-09-19 02:09:06,449 - INFO - _on_mqtt_connected called
2025-09-19 02:09:06,450 - WARNING - Exception caught in background thread.  Unable to handle.
2025-09-19 02:09:06,454 - WARNING - ['azure.iot.device.common.transport_exceptions.ConnectionDroppedError: Unexpected disconnection\n']
2025-09-19 02:09:06,455 - INFO - Connection State - Connected
2025-09-19 02:09:06,469 - INFO - Connect using port 8883 (TCP)
2025-09-19 02:09:06,591 - INFO - API Request - IP: 127.0.0.1 | Endpoint: /api/telemetry/continuous | Method: POST | Details: Starting continuous telemetry - Interval: 10.0s, Duration: 60.0s
2025-09-19 02:09:07,289 - INFO - Creating client for connecting using MQTT over TCP
2025-09-19 02:09:07,314 - INFO - Connecting to Hub...
2025-09-19 02:09:07,315 - INFO - Connect using port 8883 (TCP)
2025-09-19 02:09:07,527 - INFO - connected with result code: 0
2025-09-19 02:09:07,553 - INFO - disconnected with result code: 7
2025-09-19 02:09:07,556 - INFO - Forcing paho disconnect to prevent it from automatically reconnecting
2025-09-19 02:09:08,184 - INFO - _on_mqtt_connected called
2025-09-19 02:09:08,187 - INFO - MQTTTransportStage: _on_mqtt_disconnect called: The connection was lost.
2025-09-19 02:09:08,187 - INFO - Connection State - Connected
2025-09-19 02:09:08,191 - INFO - MQTTTransportStage: Unexpected disconnect (no pending connection op)
2025-09-19 02:09:08,191 - INFO - Connection State - Disconnected
2025-09-19 02:09:08,194 - INFO - Cleared all pending method requests due to disconnect
2025-09-19 02:09:08,196 - WARNING - Exception caught in background thread.  Unable to handle.
2025-09-19 02:09:08,197 - WARNING - ['azure.iot.device.common.transport_exceptions.ConnectionDroppedError: Unexpected disconnection\n']
2025-09-19 02:09:08,211 - INFO - Connect using port 8883 (TCP)
2025-09-19 02:09:08,451 - INFO - connected with result code: 0
2025-09-19 02:09:08,452 - INFO - disconnected with result code: 7
2025-09-19 02:09:08,458 - INFO - Forcing paho disconnect to prevent it from automatically reconnecting
2025-09-19 02:09:09,028 - INFO - _on_mqtt_connected called
2025-09-19 02:09:09,032 - INFO - MQTTTransportStage: _on_mqtt_disconnect called: The connection was lost.
2025-09-19 02:09:09,035 - INFO - Connection State - Connected
2025-09-19 02:09:09,045 - INFO - MQTTTransportStage: Unexpected disconnect (no pending connection op)
2025-09-19 02:09:09,046 - INFO - Connection State - Disconnected
2025-09-19 02:09:09,048 - INFO - Successfully connected to Hub
2025-09-19 02:09:09,052 - INFO - Cleared all pending method requests due to disconnect
2025-09-19 02:09:09,057 - WARNING - Exception caught in background thread.  Unable to handle.
2025-09-19 02:09:09,060 - WARNING - ['azure.iot.device.common.transport_exceptions.ConnectionDroppedError: Unexpected disconnection\n']
2025-09-19 02:09:09,147 - INFO - Connect using port 8883 (TCP)
2025-09-19 02:09:09,286 - INFO - connected with result code: 0
2025-09-19 02:09:09,291 - INFO - disconnected with result code: 7
2025-09-19 02:09:09,292 - INFO - Forcing paho disconnect to prevent it from automatically reconnecting
2025-09-19 02:09:09,947 - INFO - Creating client for connecting using MQTT over TCP
2025-09-19 02:09:10,006 - INFO - _on_mqtt_connected called
2025-09-19 02:09:10,007 - INFO - MQTTTransportStage: _on_mqtt_disconnect called: The connection was lost.
2025-09-19 02:09:10,008 - INFO - Connection State - Connected
2025-09-19 02:09:10,010 - INFO - MQTTTransportStage: Unexpected disconnect (no pending connection op)
2025-09-19 02:09:10,010 - INFO - Connection State - Disconnected
2025-09-19 02:09:10,010 - INFO - Connecting to Hub...
2025-09-19 02:09:10,011 - INFO - Cleared all pending method requests due to disconnect
2025-09-19 02:09:10,011 - WARNING - Exception caught in background thread.  Unable to handle.
2025-09-19 02:09:10,011 - INFO - Connect using port 8883 (TCP)
2025-09-19 02:09:10,012 - WARNING - ['azure.iot.device.common.transport_exceptions.ConnectionDroppedError: Unexpected disconnection\n']
2025-09-19 02:09:10,204 - INFO - connected with result code: 0
2025-09-19 02:09:10,205 - INFO - disconnected with result code: 7
2025-09-19 02:09:10,206 - INFO - Forcing paho disconnect to prevent it from automatically reconnecting
2025-09-19 02:09:10,873 - INFO - Connect using port 8883 (TCP)
2025-09-19 02:09:11,138 - INFO - connected with result code: 0
2025-09-19 02:09:11,722 - INFO - _on_mqtt_connected called
2025-09-19 02:09:11,724 - INFO - MQTTTransportStage: _on_mqtt_disconnect called: The connection was lost.
2025-09-19 02:09:11,724 - INFO - Connection State - Connected
2025-09-19 02:09:11,727 - INFO - MQTTTransportStage: Unexpected disconnect (no pending connection op)
2025-09-19 02:09:11,728 - INFO - Connection State - Disconnected
2025-09-19 02:09:11,730 - INFO - _on_mqtt_connected called
2025-09-19 02:09:11,732 - INFO - Cleared all pending method requests due to disconnect
2025-09-19 02:09:11,737 - WARNING - Exception caught in background thread.  Unable to handle.
2025-09-19 02:09:11,740 - WARNING - ['azure.iot.device.common.transport_exceptions.ConnectionDroppedError: Unexpected disconnection\n']
2025-09-19 02:09:11,746 - INFO - Connection State - Connected
2025-09-19 02:09:11,748 - INFO - Successfully connected to Hub
2025-09-19 02:09:11,750 - INFO - Connect using port 8883 (TCP)
2025-09-19 02:09:11,984 - INFO - disconnected with result code: 7
2025-09-19 02:09:11,986 - INFO - Forcing paho disconnect to prevent it from automatically reconnecting
2025-09-19 02:09:11,989 - INFO - connected with result code: 0
2025-09-19 02:09:12,571 - INFO - MQTTTransportStage: _on_mqtt_disconnect called: The connection was lost.
2025-09-19 02:09:12,573 - INFO - MQTTTransportStage: Unexpected disconnect (no pending connection op)
2025-09-19 02:09:12,573 - INFO - Connection State - Disconnected
2025-09-19 02:09:12,573 - INFO - _on_mqtt_connected called
2025-09-19 02:09:12,573 - INFO - Cleared all pending method requests due to disconnect
2025-09-19 02:09:12,575 - WARNING - Exception caught in background thread.  Unable to handle.
2025-09-19 02:09:12,575 - INFO - Creating client for connecting using MQTT over TCP
2025-09-19 02:09:12,575 - WARNING - ['azure.iot.device.common.transport_exceptions.ConnectionDroppedError: Unexpected disconnection\n']
2025-09-19 02:09:12,576 - INFO - Connection State - Connected
2025-09-19 02:09:12,597 - INFO - Connect using port 8883 (TCP)
2025-09-19 02:09:12,599 - INFO - Connecting to Hub...
2025-09-19 02:09:12,811 - INFO - connected with result code: 0
2025-09-19 02:09:12,824 - INFO - disconnected with result code: 7
2025-09-19 02:09:12,826 - INFO - Forcing paho disconnect to prevent it from automatically reconnecting
2025-09-19 02:09:13,439 - INFO - Connect using port 8883 (TCP)
2025-09-19 02:09:13,700 - INFO - disconnected with result code: 7
2025-09-19 02:09:13,703 - INFO - Forcing paho disconnect to prevent it from automatically reconnecting
2025-09-19 02:09:13,709 - INFO - connected with result code: 0
2025-09-19 02:09:14,262 - INFO - _on_mqtt_connected called
2025-09-19 02:09:14,265 - INFO - MQTTTransportStage: _on_mqtt_disconnect called: The connection was lost.
2025-09-19 02:09:14,266 - INFO - Connection State - Connected
2025-09-19 02:09:14,269 - INFO - MQTTTransportStage: Unexpected disconnect (no pending connection op)
2025-09-19 02:09:14,270 - INFO - Connection State - Disconnected
2025-09-19 02:09:14,271 - INFO - MQTTTransportStage: _on_mqtt_disconnect called: The connection was lost.
2025-09-19 02:09:14,273 - INFO - Cleared all pending method requests due to disconnect
2025-09-19 02:09:14,276 - WARNING - Exception caught in background thread.  Unable to handle.
2025-09-19 02:09:14,277 - INFO - MQTTTransportStage: Unexpected disconnect (no pending connection op)
2025-09-19 02:09:14,278 - WARNING - ['azure.iot.device.common.transport_exceptions.ConnectionDroppedError: Unexpected disconnection\n']
2025-09-19 02:09:14,280 - INFO - _on_mqtt_connected called
2025-09-19 02:09:14,283 - INFO - Connection State - Disconnected
2025-09-19 02:09:14,287 - INFO - Cleared all pending method requests due to disconnect
2025-09-19 02:09:14,289 - INFO - Connect using port 8883 (TCP)
2025-09-19 02:09:14,290 - WARNING - Exception caught in background thread.  Unable to handle.
2025-09-19 02:09:14,295 - WARNING - ['azure.iot.device.common.transport_exceptions.ConnectionDroppedError: Unexpected disconnection\n']
2025-09-19 02:09:14,297 - INFO - Connection State - Connected
2025-09-19 02:09:14,524 - INFO - connected with result code: 0
2025-09-19 02:09:15,222 - INFO - Connect using port 8883 (TCP)
2025-09-19 02:09:15,513 - INFO - disconnected with result code: 7
2025-09-19 02:09:15,514 - INFO - connected with result code: 0
2025-09-19 02:09:15,514 - INFO - Forcing paho disconnect to prevent it from automatically reconnecting
2025-09-19 02:09:16,040 - INFO - _on_mqtt_connected called
2025-09-19 02:09:16,041 - INFO - _on_mqtt_connected called
2025-09-19 02:09:16,041 - INFO - Connection State - Connected
2025-09-19 02:09:16,042 - INFO - MQTTTransportStage: _on_mqtt_disconnect called: The connection was lost.
2025-09-19 02:09:16,045 - INFO - Successfully connected to Hub
2025-09-19 02:09:16,046 - INFO - Connection State - Connected
2025-09-19 02:09:16,049 - INFO - MQTTTransportStage: Unexpected disconnect (no pending connection op)
2025-09-19 02:09:16,051 - INFO - Connection State - Disconnected
2025-09-19 02:09:16,055 - INFO - Cleared all pending method requests due to disconnect
2025-09-19 02:09:16,072 - WARNING - Exception caught in background thread.  Unable to handle.
2025-09-19 02:09:16,089 - WARNING - ['azure.iot.device.common.transport_exceptions.ConnectionDroppedError: Unexpected disconnection\n']
2025-09-19 02:09:16,096 - INFO - Connect using port 8883 (TCP)
2025-09-19 02:09:16,305 - INFO - connected with result code: 0
2025-09-19 02:09:16,325 - INFO - disconnected with result code: 7
2025-09-19 02:09:16,327 - INFO - Forcing paho disconnect to prevent it from automatically reconnecting
2025-09-19 02:09:16,937 - INFO - Creating client for connecting using MQTT over TCP
2025-09-19 02:09:16,997 - INFO - _on_mqtt_connected called
2025-09-19 02:09:16,998 - INFO - MQTTTransportStage: _on_mqtt_disconnect called: The connection was lost.
2025-09-19 02:09:16,999 - INFO - Connection State - Connected
2025-09-19 02:09:16,999 - INFO - MQTTTransportStage: Unexpected disconnect (no pending connection op)
2025-09-19 02:09:17,000 - INFO - Connection State - Disconnected
2025-09-19 02:09:17,000 - INFO - Connecting to Hub...
2025-09-19 02:09:17,002 - INFO - Cleared all pending method requests due to disconnect
2025-09-19 02:09:17,003 - WARNING - Exception caught in background thread.  Unable to handle.
2025-09-19 02:09:17,004 - INFO - Connect using port 8883 (TCP)
2025-09-19 02:09:17,004 - WARNING - ['azure.iot.device.common.transport_exceptions.ConnectionDroppedError: Unexpected disconnection\n']
2025-09-19 02:09:17,197 - INFO - disconnected with result code: 7
2025-09-19 02:09:17,199 - INFO - Forcing paho disconnect to prevent it from automatically reconnecting
2025-09-19 02:09:17,204 - INFO - connected with result code: 0
2025-09-19 02:09:17,896 - INFO - Connect using port 8883 (TCP)
2025-09-19 02:09:18,165 - INFO - connected with result code: 0
2025-09-19 02:09:18,717 - INFO - MQTTTransportStage: _on_mqtt_disconnect called: The connection was lost.
2025-09-19 02:09:18,722 - INFO - MQTTTransportStage: Unexpected disconnect (no pending connection op)
2025-09-19 02:09:18,723 - INFO - Connection State - Disconnected
2025-09-19 02:09:18,724 - INFO - _on_mqtt_connected called
2025-09-19 02:09:18,725 - INFO - Cleared all pending method requests due to disconnect
2025-09-19 02:09:18,727 - INFO - _on_mqtt_connected called
2025-09-19 02:09:18,730 - WARNING - Exception caught in background thread.  Unable to handle.
2025-09-19 02:09:18,733 - WARNING - ['azure.iot.device.common.transport_exceptions.ConnectionDroppedError: Unexpected disconnection\n']
2025-09-19 02:09:18,735 - INFO - Connection State - Connected
2025-09-19 02:09:18,736 - INFO - Connection State - Connected
2025-09-19 02:09:18,739 - INFO - Successfully connected to Hub
2025-09-19 02:09:18,784 - INFO - Connect using port 8883 (TCP)
2025-09-19 02:09:18,982 - INFO - connected with result code: 0
2025-09-19 02:09:18,997 - INFO - disconnected with result code: 7
2025-09-19 02:09:19,000 - INFO - Forcing paho disconnect to prevent it from automatically reconnecting
2025-09-19 02:09:19,609 - INFO - Creating client for connecting using MQTT over TCP
2025-09-19 02:09:19,674 - INFO - _on_mqtt_connected called
2025-09-19 02:09:19,675 - INFO - MQTTTransportStage: _on_mqtt_disconnect called: The connection was lost.
2025-09-19 02:09:19,676 - INFO - Connection State - Connected
2025-09-19 02:09:19,676 - INFO - MQTTTransportStage: Unexpected disconnect (no pending connection op)
2025-09-19 02:09:19,676 - INFO - Connection State - Disconnected
2025-09-19 02:09:19,677 - INFO - Connecting to Hub...
2025-09-19 02:09:19,677 - INFO - Cleared all pending method requests due to disconnect
2025-09-19 02:09:19,677 - WARNING - Exception caught in background thread.  Unable to handle.
2025-09-19 02:09:19,677 - WARNING - ['azure.iot.device.common.transport_exceptions.ConnectionDroppedError: Unexpected disconnection\n']
2025-09-19 02:09:19,677 - INFO - Connect using port 8883 (TCP)
2025-09-19 02:09:19,866 - INFO - connected with result code: 0
2025-09-19 02:09:19,871 - INFO - disconnected with result code: 7
2025-09-19 02:09:19,872 - INFO - Forcing paho disconnect to prevent it from automatically reconnecting
2025-09-19 02:09:20,530 - INFO - Connect using port 8883 (TCP)
2025-09-19 02:09:20,797 - INFO - connected with result code: 0
2025-09-19 02:09:21,328 - INFO - _on_mqtt_connected called
2025-09-19 02:09:21,329 - INFO - MQTTTransportStage: _on_mqtt_disconnect called: The connection was lost.
2025-09-19 02:09:21,329 - INFO - Connection State - Connected
2025-09-19 02:09:21,331 - INFO - MQTTTransportStage: Unexpected disconnect (no pending connection op)
2025-09-19 02:09:21,332 - INFO - Connection State - Disconnected
2025-09-19 02:09:21,332 - INFO - _on_mqtt_connected called
2025-09-19 02:09:21,332 - INFO - Cleared all pending method requests due to disconnect
2025-09-19 02:09:21,334 - WARNING - Exception caught in background thread.  Unable to handle.
2025-09-19 02:09:21,334 - WARNING - ['azure.iot.device.common.transport_exceptions.ConnectionDroppedError: Unexpected disconnection\n']
2025-09-19 02:09:21,334 - INFO - Connection State - Connected
2025-09-19 02:09:21,335 - INFO - Successfully connected to Hub
2025-09-19 02:09:21,355 - INFO - Creating client for connecting using MQTT over TCP
2025-09-19 02:09:21,373 - INFO - Connect using port 8883 (TCP)
2025-09-19 02:09:21,376 - INFO - Connecting to Hub...
2025-09-19 02:09:21,591 - INFO - connected with result code: 0
2025-09-19 02:09:21,593 - INFO - disconnected with result code: 7
2025-09-19 02:09:21,595 - INFO - Forcing paho disconnect to prevent it from automatically reconnecting
2025-09-19 02:09:22,177 - INFO - Connect using port 8883 (TCP)
2025-09-19 02:09:22,432 - INFO - connected with result code: 0
2025-09-19 02:09:22,437 - INFO - disconnected with result code: 7
2025-09-19 02:09:22,439 - INFO - Forcing paho disconnect to prevent it from automatically reconnecting
2025-09-19 02:09:23,005 - INFO - _on_mqtt_connected called
2025-09-19 02:09:23,009 - INFO - MQTTTransportStage: _on_mqtt_disconnect called: The connection was lost.
2025-09-19 02:09:23,009 - INFO - Connection State - Connected
2025-09-19 02:09:23,013 - INFO - MQTTTransportStage: Unexpected disconnect (no pending connection op)
2025-09-19 02:09:23,013 - INFO - Connection State - Disconnected
2025-09-19 02:09:23,015 - INFO - _on_mqtt_connected called
2025-09-19 02:09:23,017 - INFO - Cleared all pending method requests due to disconnect
2025-09-19 02:09:23,020 - INFO - MQTTTransportStage: _on_mqtt_disconnect called: The connection was lost.
2025-09-19 02:09:23,022 - WARNING - Exception caught in background thread.  Unable to handle.
2025-09-19 02:09:23,024 - WARNING - ['azure.iot.device.common.transport_exceptions.ConnectionDroppedError: Unexpected disconnection\n']
2025-09-19 02:09:23,026 - INFO - MQTTTransportStage: Unexpected disconnect (no pending connection op)
2025-09-19 02:09:23,026 - INFO - Connection State - Connected
2025-09-19 02:09:23,031 - INFO - Connection State - Disconnected
2025-09-19 02:09:23,031 - INFO - Connect using port 8883 (TCP)
2025-09-19 02:09:23,031 - INFO - Cleared all pending method requests due to disconnect
2025-09-19 02:09:23,034 - WARNING - Exception caught in background thread.  Unable to handle.
2025-09-19 02:09:23,036 - WARNING - ['azure.iot.device.common.transport_exceptions.ConnectionDroppedError: Unexpected disconnection\n']
2025-09-19 02:09:23,270 - INFO - connected with result code: 0
2025-09-19 02:09:23,835 - INFO - Connect using port 8883 (TCP)
2025-09-19 02:09:24,093 - INFO - connected with result code: 0
2025-09-19 02:09:24,095 - INFO - disconnected with result code: 7
2025-09-19 02:09:24,096 - INFO - Forcing paho disconnect to prevent it from automatically reconnecting
2025-09-19 02:09:24,567 - INFO - API Request - IP: 127.0.0.1 | Endpoint: /api/devices | Method: GET | Details: Fetching all devices
2025-09-19 02:09:24,630 - INFO - _on_mqtt_connected called
2025-09-19 02:09:24,630 - INFO - _on_mqtt_connected called
2025-09-19 02:09:24,630 - INFO - Connection State - Connected
2025-09-19 02:09:24,630 - INFO - MQTTTransportStage: _on_mqtt_disconnect called: The connection was lost.
2025-09-19 02:09:24,630 - INFO - Connection State - Connected
2025-09-19 02:09:24,630 - INFO - Successfully connected to Hub
2025-09-19 02:09:24,631 - INFO - MQTTTransportStage: Unexpected disconnect (no pending connection op)
2025-09-19 02:09:24,631 - INFO - Connection State - Disconnected
2025-09-19 02:09:24,631 - INFO - Cleared all pending method requests due to disconnect
2025-09-19 02:09:24,649 - WARNING - Exception caught in background thread.  Unable to handle.
2025-09-19 02:09:24,649 - WARNING - ['azure.iot.device.common.transport_exceptions.ConnectionDroppedError: Unexpected disconnection\n']
2025-09-19 02:09:24,650 - INFO - Connect using port 8883 (TCP)
2025-09-19 02:09:24,894 - INFO - connected with result code: 0
2025-09-19 02:09:24,896 - INFO - disconnected with result code: 7
2025-09-19 02:09:24,897 - INFO - Forcing paho disconnect to prevent it from automatically reconnecting
2025-09-19 02:09:25,457 - INFO - Creating client for connecting using MQTT over TCP
2025-09-19 02:09:25,523 - INFO - _on_mqtt_connected called
2025-09-19 02:09:25,524 - INFO - MQTTTransportStage: _on_mqtt_disconnect called: The connection was lost.
2025-09-19 02:09:25,526 - INFO - Connection State - Connected
2025-09-19 02:09:25,530 - INFO - MQTTTransportStage: Unexpected disconnect (no pending connection op)
2025-09-19 02:09:25,532 - INFO - Connection State - Disconnected
2025-09-19 02:09:25,536 - INFO - Connecting to Hub...
2025-09-19 02:09:25,537 - INFO - Cleared all pending method requests due to disconnect
2025-09-19 02:09:25,542 - WARNING - Exception caught in background thread.  Unable to handle.
2025-09-19 02:09:25,544 - INFO - Connect using port 8883 (TCP)
2025-09-19 02:09:25,545 - WARNING - ['azure.iot.device.common.transport_exceptions.ConnectionDroppedError: Unexpected disconnection\n']
2025-09-19 02:09:25,710 - INFO - connected with result code: 0
2025-09-19 02:09:25,713 - INFO - disconnected with result code: 7
2025-09-19 02:09:25,714 - INFO - Forcing paho disconnect to prevent it from automatically reconnecting
2025-09-19 02:09:26,370 - INFO - Connect using port 8883 (TCP)
2025-09-19 02:09:26,629 - INFO - connected with result code: 0
2025-09-19 02:09:27,198 - INFO - _on_mqtt_connected called
2025-09-19 02:09:27,202 - INFO - MQTTTransportStage: _on_mqtt_disconnect called: The connection was lost.
2025-09-19 02:09:27,203 - INFO - Connection State - Connected
2025-09-19 02:09:27,205 - INFO - MQTTTransportStage: Unexpected disconnect (no pending connection op)
2025-09-19 02:09:27,205 - INFO - Connection State - Disconnected
2025-09-19 02:09:27,206 - INFO - _on_mqtt_connected called
2025-09-19 02:09:27,208 - INFO - Cleared all pending method requests due to disconnect
2025-09-19 02:09:27,212 - WARNING - Exception caught in background thread.  Unable to handle.
2025-09-19 02:09:27,214 - WARNING - ['azure.iot.device.common.transport_exceptions.ConnectionDroppedError: Unexpected disconnection\n']
2025-09-19 02:09:27,215 - INFO - Connection State - Connected
2025-09-19 02:09:27,218 - INFO - Successfully connected to Hub
2025-09-19 02:09:27,258 - INFO - Connect using port 8883 (TCP)
2025-09-19 02:09:27,459 - INFO - disconnected with result code: 7
2025-09-19 02:09:27,462 - INFO - Forcing paho disconnect to prevent it from automatically reconnecting
2025-09-19 02:09:27,465 - INFO - connected with result code: 0
2025-09-19 02:09:28,069 - INFO - Creating client for connecting using MQTT over TCP
2025-09-19 02:09:28,078 - INFO - MQTTTransportStage: _on_mqtt_disconnect called: The connection was lost.
2025-09-19 02:09:28,079 - INFO - MQTTTransportStage: Unexpected disconnect (no pending connection op)
2025-09-19 02:09:28,080 - INFO - Connection State - Disconnected
2025-09-19 02:09:28,080 - INFO - _on_mqtt_connected called
2025-09-19 02:09:28,080 - INFO - Cleared all pending method requests due to disconnect
2025-09-19 02:09:28,080 - INFO - Connecting to Hub...
2025-09-19 02:09:28,081 - WARNING - Exception caught in background thread.  Unable to handle.
2025-09-19 02:09:28,081 - WARNING - ['azure.iot.device.common.transport_exceptions.ConnectionDroppedError: Unexpected disconnection\n']
2025-09-19 02:09:28,081 - INFO - Connect using port 8883 (TCP)
2025-09-19 02:09:28,081 - INFO - Connection State - Connected
2025-09-19 02:09:28,333 - INFO - connected with result code: 0
2025-09-19 02:09:28,342 - INFO - disconnected with result code: 7
2025-09-19 02:09:28,343 - INFO - Forcing paho disconnect to prevent it from automatically reconnecting
2025-09-19 02:09:28,926 - INFO - Connect using port 8883 (TCP)
2025-09-19 02:09:29,186 - INFO - connected with result code: 0
2025-09-19 02:09:29,788 - INFO - _on_mqtt_connected called
2025-09-19 02:09:29,790 - INFO - MQTTTransportStage: _on_mqtt_disconnect called: The connection was lost.
2025-09-19 02:09:29,791 - INFO - Connection State - Connected
2025-09-19 02:09:29,793 - INFO - MQTTTransportStage: Unexpected disconnect (no pending connection op)
2025-09-19 02:09:29,794 - INFO - Connection State - Disconnected
2025-09-19 02:09:29,795 - INFO - _on_mqtt_connected called
2025-09-19 02:09:29,796 - INFO - Cleared all pending method requests due to disconnect
2025-09-19 02:09:29,800 - WARNING - Exception caught in background thread.  Unable to handle.
2025-09-19 02:09:29,802 - WARNING - ['azure.iot.device.common.transport_exceptions.ConnectionDroppedError: Unexpected disconnection\n']
2025-09-19 02:09:29,804 - INFO - Connection State - Connected
2025-09-19 02:09:29,806 - INFO - Successfully connected to Hub
2025-09-19 02:09:29,851 - INFO - Connect using port 8883 (TCP)
2025-09-19 02:09:30,056 - INFO - disconnected with result code: 7
2025-09-19 02:09:30,057 - INFO - Forcing paho disconnect to prevent it from automatically reconnecting
2025-09-19 02:09:30,063 - INFO - connected with result code: 0
2025-09-19 02:09:30,692 - INFO - Creating client for connecting using MQTT over TCP
2025-09-19 02:09:30,717 - INFO - MQTTTransportStage: _on_mqtt_disconnect called: The connection was lost.
2025-09-19 02:09:30,718 - INFO - MQTTTransportStage: Unexpected disconnect (no pending connection op)
2025-09-19 02:09:30,718 - INFO - Connection State - Disconnected
2025-09-19 02:09:30,718 - INFO - _on_mqtt_connected called
2025-09-19 02:09:30,718 - INFO - Cleared all pending method requests due to disconnect
2025-09-19 02:09:30,719 - INFO - Connecting to Hub...
2025-09-19 02:09:30,719 - WARNING - Exception caught in background thread.  Unable to handle.
2025-09-19 02:09:30,719 - WARNING - ['azure.iot.device.common.transport_exceptions.ConnectionDroppedError: Unexpected disconnection\n']
2025-09-19 02:09:30,719 - INFO - Connection State - Connected
2025-09-19 02:09:30,720 - INFO - Connect using port 8883 (TCP)
2025-09-19 02:09:30,967 - INFO - connected with result code: 0
2025-09-19 02:09:30,974 - INFO - disconnected with result code: 7
2025-09-19 02:09:30,976 - INFO - Forcing paho disconnect to prevent it from automatically reconnecting
2025-09-19 02:09:31,586 - INFO - Connect using port 8883 (TCP)
2025-09-19 02:09:31,848 - INFO - connected with result code: 0
2025-09-19 02:09:32,448 - INFO - _on_mqtt_connected called
2025-09-19 02:09:32,450 - INFO - MQTTTransportStage: _on_mqtt_disconnect called: The connection was lost.
2025-09-19 02:09:32,451 - INFO - Connection State - Connected
2025-09-19 02:09:32,456 - INFO - MQTTTransportStage: Unexpected disconnect (no pending connection op)
2025-09-19 02:09:32,456 - INFO - Connection State - Disconnected
2025-09-19 02:09:32,457 - INFO - _on_mqtt_connected called
2025-09-19 02:09:32,459 - INFO - Cleared all pending method requests due to disconnect
2025-09-19 02:09:32,464 - WARNING - Exception caught in background thread.  Unable to handle.
2025-09-19 02:09:32,466 - WARNING - ['azure.iot.device.common.transport_exceptions.ConnectionDroppedError: Unexpected disconnection\n']
2025-09-19 02:09:32,468 - INFO - Connection State - Connected
2025-09-19 02:09:32,470 - INFO - Successfully connected to Hub
2025-09-19 02:09:32,513 - INFO - Connect using port 8883 (TCP)
2025-09-19 02:09:32,718 - INFO - disconnected with result code: 7
2025-09-19 02:09:32,719 - INFO - Forcing paho disconnect to prevent it from automatically reconnecting
2025-09-19 02:09:32,721 - INFO - connected with result code: 0
2025-09-19 02:09:33,355 - INFO - Creating client for connecting using MQTT over TCP
2025-09-19 02:09:33,396 - INFO - MQTTTransportStage: _on_mqtt_disconnect called: The connection was lost.
2025-09-19 02:09:33,398 - INFO - MQTTTransportStage: Unexpected disconnect (no pending connection op)
2025-09-19 02:09:33,400 - INFO - Connection State - Disconnected
2025-09-19 02:09:33,401 - INFO - _on_mqtt_connected called
2025-09-19 02:09:33,403 - INFO - Cleared all pending method requests due to disconnect
2025-09-19 02:09:33,407 - INFO - Connecting to Hub...
2025-09-19 02:09:33,409 - WARNING - Exception caught in background thread.  Unable to handle.
2025-09-19 02:09:33,411 - WARNING - ['azure.iot.device.common.transport_exceptions.ConnectionDroppedError: Unexpected disconnection\n']
2025-09-19 02:09:33,412 - INFO - Connection State - Connected
2025-09-19 02:09:33,413 - INFO - Connect using port 8883 (TCP)
2025-09-19 02:09:33,623 - INFO - connected with result code: 0
2025-09-19 02:09:33,631 - INFO - disconnected with result code: 7
2025-09-19 02:09:33,632 - INFO - Forcing paho disconnect to prevent it from automatically reconnecting
2025-09-19 02:09:34,254 - INFO - Connect using port 8883 (TCP)
2025-09-19 02:09:34,514 - INFO - connected with result code: 0
2025-09-19 02:09:35,075 - INFO - _on_mqtt_connected called
2025-09-19 02:09:35,078 - INFO - MQTTTransportStage: _on_mqtt_disconnect called: The connection was lost.
2025-09-19 02:09:35,078 - INFO - Connection State - Connected
2025-09-19 02:09:35,082 - INFO - MQTTTransportStage: Unexpected disconnect (no pending connection op)
2025-09-19 02:09:35,082 - INFO - Connection State - Disconnected
2025-09-19 02:09:35,083 - INFO - _on_mqtt_connected called
2025-09-19 02:09:35,084 - INFO - Cleared all pending method requests due to disconnect
2025-09-19 02:09:35,088 - WARNING - Exception caught in background thread.  Unable to handle.
2025-09-19 02:09:35,088 - WARNING - ['azure.iot.device.common.transport_exceptions.ConnectionDroppedError: Unexpected disconnection\n']
2025-09-19 02:09:35,090 - INFO - Connection State - Connected
2025-09-19 02:09:35,092 - INFO - Successfully connected to Hub
2025-09-19 02:09:35,099 - INFO - Sending message to Hub...
2025-09-19 02:09:35,103 - INFO - Sending message to Hub...
2025-09-19 02:09:35,105 - INFO - Connect using port 8883 (TCP)
2025-09-19 02:09:35,111 - INFO - Sending message to Hub...
2025-09-19 02:09:35,117 - INFO - Sending message to Hub...
2025-09-19 02:09:35,122 - INFO - Sending message to Hub...
2025-09-19 02:09:35,128 - INFO - Sending message to Hub...
2025-09-19 02:09:35,134 - INFO - Sending message to Hub...
2025-09-19 02:09:35,138 - INFO - Sending message to Hub...
2025-09-19 02:09:35,143 - INFO - Sending message to Hub...
2025-09-19 02:09:35,148 - INFO - Sending message to Hub...
2025-09-19 02:09:35,335 - INFO - connected with result code: 0
2025-09-19 02:09:35,346 - INFO - disconnected with result code: 7
2025-09-19 02:09:35,347 - INFO - Forcing paho disconnect to prevent it from automatically reconnecting
2025-09-19 02:09:35,966 - INFO - publishing on devices/med-ecg-001/messages/events/%24.ct=application%2Fjson&%24.ce=utf-8&deviceType=ECG&messageType=telemetry
2025-09-19 02:09:35,968 - INFO - publishing on devices/med-infusionpump-002/messages/events/%24.ct=application%2Fjson&%24.ce=utf-8&deviceType=InfusionPump&messageType=telemetry
2025-09-19 02:09:35,968 - INFO - Callback completed with error The client is not currently connected.
2025-09-19 02:09:35,971 - INFO - publishing on devices/med-pulseoximeter-003/messages/events/%24.ct=application%2Fjson&%24.ce=utf-8&deviceType=PulseOximeter&messageType=telemetry
2025-09-19 02:09:35,971 - INFO - ['azure.iot.device.common.transport_exceptions.NoConnectionError: The client is not currently connected.\n']
2025-09-19 02:09:35,973 - INFO - publishing on devices/med-ventilator-004/messages/events/%24.ct=application%2Fjson&%24.ce=utf-8&deviceType=Ventilator&messageType=telemetry
2025-09-19 02:09:35,975 - INFO - publishing on devices/med-bloodpressuremonitor-005/messages/events/%24.ct=application%2Fjson&%24.ce=utf-8&deviceType=BloodPressureMonitor&messageType=telemetry
2025-09-19 02:09:35,975 - INFO - publishing on devices/med-glucometer-006/messages/events/%24.ct=application%2Fjson&%24.ce=utf-8&deviceType=Glucometer&messageType=telemetry
2025-09-19 02:09:35,977 - INFO - publishing on devices/med-thermometer-007/messages/events/%24.ct=application%2Fjson&%24.ce=utf-8&deviceType=Thermometer&messageType=telemetry
2025-09-19 02:09:35,978 - INFO - publishing on devices/med-defibrillator-008/messages/events/%24.ct=application%2Fjson&%24.ce=utf-8&deviceType=Defibrillator&messageType=telemetry
2025-09-19 02:09:35,979 - INFO - publishing on devices/med-eeg-009/messages/events/%24.ct=application%2Fjson&%24.ce=utf-8&deviceType=EEG&messageType=telemetry
2025-09-19 02:09:35,980 - INFO - publishing on devices/med-ultrasound-010/messages/events/%24.ct=application%2Fjson&%24.ce=utf-8&deviceType=Ultrasound&messageType=telemetry
2025-09-19 02:09:35,981 - INFO - _on_mqtt_connected called
2025-09-19 02:09:35,981 - INFO - MQTTTransportStage: _on_mqtt_disconnect called: The connection was lost.
2025-09-19 02:09:35,981 - INFO - Connection State - Connected
2025-09-19 02:09:35,983 - INFO - MQTTTransportStage: Unexpected disconnect (no pending connection op)
2025-09-19 02:09:35,983 - INFO - Connection State - Disconnected
2025-09-19 02:09:35,985 - INFO - Cleared all pending method requests due to disconnect
2025-09-19 02:09:35,985 - WARNING - Exception caught in background thread.  Unable to handle.
2025-09-19 02:09:35,985 - WARNING - ['azure.iot.device.common.transport_exceptions.ConnectionDroppedError: Unexpected disconnection\n']
2025-09-19 02:09:36,003 - INFO - Connect using port 8883 (TCP)
2025-09-19 02:09:36,236 - INFO - disconnected with result code: 7
2025-09-19 02:09:36,237 - INFO - connected with result code: 0
2025-09-19 02:09:36,238 - INFO - Forcing paho disconnect to prevent it from automatically reconnecting
2025-09-19 02:09:36,328 - INFO - payload published for 1
2025-09-19 02:09:36,332 - INFO - payload published for 1
2025-09-19 02:09:36,336 - INFO - payload published for 1
2025-09-19 02:09:36,342 - INFO - payload published for 1
2025-09-19 02:09:36,344 - INFO - payload published for 1
2025-09-19 02:09:36,346 - INFO - payload published for 1
2025-09-19 02:09:36,350 - INFO - payload published for 1
2025-09-19 02:09:36,351 - INFO - payload published for 1
2025-09-19 02:09:36,353 - INFO - payload published for 1
2025-09-19 02:09:36,853 - INFO - _on_mqtt_connected called
2025-09-19 02:09:36,855 - INFO - MQTTTransportStage: _on_mqtt_disconnect called: The connection was lost.
2025-09-19 02:09:36,856 - INFO - Connection State - Connected
2025-09-19 02:09:36,859 - INFO - MQTTTransportStage: Unexpected disconnect (no pending connection op)
2025-09-19 02:09:36,859 - INFO - Connection State - Disconnected
2025-09-19 02:09:36,863 - INFO - Cleared all pending method requests due to disconnect
2025-09-19 02:09:36,864 - WARNING - Exception caught in background thread.  Unable to handle.
2025-09-19 02:09:36,865 - WARNING - ['azure.iot.device.common.transport_exceptions.ConnectionDroppedError: Unexpected disconnection\n']
2025-09-19 02:09:36,868 - INFO - Successfully sent message to Hub
2025-09-19 02:09:36,870 - INFO - Successfully sent message to Hub
2025-09-19 02:09:36,874 - INFO - Successfully sent message to Hub
2025-09-19 02:09:36,877 - INFO - Successfully sent message to Hub
2025-09-19 02:09:36,879 - INFO - Connect using port 8883 (TCP)
2025-09-19 02:09:36,882 - INFO - Successfully sent message to Hub
2025-09-19 02:09:36,884 - INFO - Successfully sent message to Hub
2025-09-19 02:09:36,886 - INFO - Successfully sent message to Hub
2025-09-19 02:09:36,889 - INFO - Successfully sent message to Hub
2025-09-19 02:09:36,892 - INFO - Successfully sent message to Hub
2025-09-19 02:09:37,116 - INFO - connected with result code: 0
2025-09-19 02:09:37,122 - INFO - disconnected with result code: 7
2025-09-19 02:09:37,124 - INFO - Forcing paho disconnect to prevent it from automatically reconnecting
2025-09-19 02:09:37,480 - INFO - payload published for 1
2025-09-19 02:09:37,708 - INFO - _on_mqtt_connected called
2025-09-19 02:09:37,708 - INFO - MQTTTransportStage: _on_mqtt_disconnect called: The connection was lost.
2025-09-19 02:09:37,708 - INFO - Connection State - Connected
2025-09-19 02:09:37,709 - INFO - MQTTTransportStage: Unexpected disconnect (no pending connection op)
2025-09-19 02:09:37,709 - INFO - Connection State - Disconnected
2025-09-19 02:09:37,710 - INFO - Cleared all pending method requests due to disconnect
2025-09-19 02:09:37,710 - WARNING - Exception caught in background thread.  Unable to handle.
2025-09-19 02:09:37,711 - WARNING - ['azure.iot.device.common.transport_exceptions.ConnectionDroppedError: Unexpected disconnection\n']
2025-09-19 02:09:37,735 - INFO - Connect using port 8883 (TCP)
2025-09-19 02:09:37,979 - INFO - connected with result code: 0
2025-09-19 02:09:37,982 - INFO - disconnected with result code: 7
2025-09-19 02:09:37,985 - INFO - Forcing paho disconnect to prevent it from automatically reconnecting
2025-09-19 02:09:38,596 - INFO - _on_mqtt_connected called
2025-09-19 02:09:38,597 - INFO - MQTTTransportStage: _on_mqtt_disconnect called: The connection was lost.
2025-09-19 02:09:38,598 - INFO - Connection State - Connected
2025-09-19 02:09:38,600 - INFO - MQTTTransportStage: Unexpected disconnect (no pending connection op)
2025-09-19 02:09:38,601 - INFO - Connection State - Disconnected
2025-09-19 02:09:38,604 - INFO - Cleared all pending method requests due to disconnect
2025-09-19 02:09:38,606 - WARNING - Exception caught in background thread.  Unable to handle.
2025-09-19 02:09:38,607 - WARNING - ['azure.iot.device.common.transport_exceptions.ConnectionDroppedError: Unexpected disconnection\n']
2025-09-19 02:09:38,619 - INFO - Connect using port 8883 (TCP)
2025-09-19 02:09:38,861 - INFO - connected with result code: 0
2025-09-19 02:09:38,865 - INFO - disconnected with result code: 7
2025-09-19 02:09:38,868 - INFO - Forcing paho disconnect to prevent it from automatically reconnecting
2025-09-19 02:09:39,456 - INFO - _on_mqtt_connected called
2025-09-19 02:09:39,458 - INFO - MQTTTransportStage: _on_mqtt_disconnect called: The connection was lost.
2025-09-19 02:09:39,459 - INFO - Connection State - Connected
2025-09-19 02:09:39,463 - INFO - MQTTTransportStage: Unexpected disconnect (no pending connection op)
2025-09-19 02:09:39,463 - INFO - Connection State - Disconnected
2025-09-19 02:09:39,466 - INFO - Cleared all pending method requests due to disconnect
2025-09-19 02:09:39,466 - WARNING - Exception caught in background thread.  Unable to handle.
2025-09-19 02:09:39,469 - WARNING - ['azure.iot.device.common.transport_exceptions.ConnectionDroppedError: Unexpected disconnection\n']
2025-09-19 02:09:39,478 - INFO - Connect using port 8883 (TCP)
2025-09-19 02:09:39,718 - INFO - connected with result code: 0
2025-09-19 02:09:39,721 - INFO - disconnected with result code: 7
2025-09-19 02:09:39,723 - INFO - Forcing paho disconnect to prevent it from automatically reconnecting
2025-09-19 02:09:40,288 - INFO - _on_mqtt_connected called
2025-09-19 02:09:40,288 - INFO - MQTTTransportStage: _on_mqtt_disconnect called: The connection was lost.
2025-09-19 02:09:40,288 - INFO - Connection State - Connected
2025-09-19 02:09:40,290 - INFO - MQTTTransportStage: Unexpected disconnect (no pending connection op)
2025-09-19 02:09:40,290 - INFO - Connection State - Disconnected
2025-09-19 02:09:40,291 - INFO - Cleared all pending method requests due to disconnect
2025-09-19 02:09:40,291 - WARNING - Exception caught in background thread.  Unable to handle.
2025-09-19 02:09:40,291 - WARNING - ['azure.iot.device.common.transport_exceptions.ConnectionDroppedError: Unexpected disconnection\n']
2025-09-19 02:09:40,304 - INFO - Connect using port 8883 (TCP)
2025-09-19 02:09:40,554 - INFO - connected with result code: 0
2025-09-19 02:09:40,558 - INFO - disconnected with result code: 7
2025-09-19 02:09:40,559 - INFO - Forcing paho disconnect to prevent it from automatically reconnecting
2025-09-19 02:09:41,105 - INFO - _on_mqtt_connected called
2025-09-19 02:09:41,106 - INFO - MQTTTransportStage: _on_mqtt_disconnect called: The connection was lost.
2025-09-19 02:09:41,106 - INFO - Connection State - Connected
2025-09-19 02:09:41,107 - INFO - MQTTTransportStage: Unexpected disconnect (no pending connection op)
2025-09-19 02:09:41,107 - INFO - Connection State - Disconnected
2025-09-19 02:09:41,108 - INFO - Cleared all pending method requests due to disconnect
2025-09-19 02:09:41,108 - WARNING - Exception caught in background thread.  Unable to handle.
2025-09-19 02:09:41,109 - WARNING - ['azure.iot.device.common.transport_exceptions.ConnectionDroppedError: Unexpected disconnection\n']
2025-09-19 02:09:41,130 - INFO - Connect using port 8883 (TCP)
2025-09-19 02:09:41,364 - INFO - connected with result code: 0
2025-09-19 02:09:41,370 - INFO - disconnected with result code: 7
2025-09-19 02:09:41,372 - INFO - Forcing paho disconnect to prevent it from automatically reconnecting
2025-09-19 02:09:41,947 - INFO - _on_mqtt_connected called
2025-09-19 02:09:41,948 - INFO - MQTTTransportStage: _on_mqtt_disconnect called: The connection was lost.
2025-09-19 02:09:41,949 - INFO - Connection State - Connected
2025-09-19 02:09:41,952 - INFO - MQTTTransportStage: Unexpected disconnect (no pending connection op)
2025-09-19 02:09:41,954 - INFO - Connection State - Disconnected
2025-09-19 02:09:41,956 - INFO - Cleared all pending method requests due to disconnect
2025-09-19 02:09:41,958 - WARNING - Exception caught in background thread.  Unable to handle.
2025-09-19 02:09:41,958 - WARNING - ['azure.iot.device.common.transport_exceptions.ConnectionDroppedError: Unexpected disconnection\n']
2025-09-19 02:09:41,973 - INFO - Connect using port 8883 (TCP)
2025-09-19 02:09:42,204 - INFO - connected with result code: 0
2025-09-19 02:09:42,206 - INFO - disconnected with result code: 7
2025-09-19 02:09:42,208 - INFO - Forcing paho disconnect to prevent it from automatically reconnecting
2025-09-19 02:09:42,856 - INFO - _on_mqtt_connected called
2025-09-19 02:09:42,859 - INFO - MQTTTransportStage: _on_mqtt_disconnect called: The connection was lost.
2025-09-19 02:09:42,859 - INFO - Connection State - Connected
2025-09-19 02:09:42,863 - INFO - MQTTTransportStage: Unexpected disconnect (no pending connection op)
2025-09-19 02:09:42,864 - INFO - Connection State - Disconnected
2025-09-19 02:09:42,868 - INFO - Cleared all pending method requests due to disconnect
2025-09-19 02:09:42,870 - WARNING - Exception caught in background thread.  Unable to handle.
2025-09-19 02:09:42,870 - WARNING - ['azure.iot.device.common.transport_exceptions.ConnectionDroppedError: Unexpected disconnection\n']
2025-09-19 02:09:42,884 - INFO - Connect using port 8883 (TCP)
2025-09-19 02:09:43,123 - INFO - connected with result code: 0
2025-09-19 02:09:43,124 - INFO - disconnected with result code: 7
2025-09-19 02:09:43,128 - INFO - Forcing paho disconnect to prevent it from automatically reconnecting
2025-09-19 02:09:43,695 - INFO - _on_mqtt_connected called
2025-09-19 02:09:43,698 - INFO - MQTTTransportStage: _on_mqtt_disconnect called: The connection was lost.
2025-09-19 02:09:43,698 - INFO - Connection State - Connected
2025-09-19 02:09:43,702 - INFO - MQTTTransportStage: Unexpected disconnect (no pending connection op)
2025-09-19 02:09:43,703 - INFO - Connection State - Disconnected
2025-09-19 02:09:43,704 - INFO - Cleared all pending method requests due to disconnect
2025-09-19 02:09:43,705 - WARNING - Exception caught in background thread.  Unable to handle.
2025-09-19 02:09:43,706 - WARNING - ['azure.iot.device.common.transport_exceptions.ConnectionDroppedError: Unexpected disconnection\n']
2025-09-19 02:09:43,726 - INFO - Connect using port 8883 (TCP)
2025-09-19 02:09:43,958 - INFO - connected with result code: 0
2025-09-19 02:09:43,964 - INFO - disconnected with result code: 7
2025-09-19 02:09:43,967 - INFO - Forcing paho disconnect to prevent it from automatically reconnecting
2025-09-19 02:09:44,549 - INFO - _on_mqtt_connected called
2025-09-19 02:09:44,550 - INFO - MQTTTransportStage: _on_mqtt_disconnect called: The connection was lost.
2025-09-19 02:09:44,550 - INFO - Connection State - Connected
2025-09-19 02:09:44,550 - INFO - MQTTTransportStage: Unexpected disconnect (no pending connection op)
2025-09-19 02:09:44,550 - INFO - Connection State - Disconnected
2025-09-19 02:09:44,551 - INFO - Cleared all pending method requests due to disconnect
2025-09-19 02:09:44,551 - WARNING - Exception caught in background thread.  Unable to handle.
2025-09-19 02:09:44,551 - WARNING - ['azure.iot.device.common.transport_exceptions.ConnectionDroppedError: Unexpected disconnection\n']
2025-09-19 02:09:44,565 - INFO - Connect using port 8883 (TCP)
2025-09-19 02:09:44,817 - INFO - disconnected with result code: 7
2025-09-19 02:09:44,819 - INFO - Forcing paho disconnect to prevent it from automatically reconnecting
2025-09-19 02:09:44,821 - INFO - connected with result code: 0
2025-09-19 02:09:45,419 - INFO - MQTTTransportStage: _on_mqtt_disconnect called: The connection was lost.
2025-09-19 02:09:45,419 - INFO - MQTTTransportStage: Unexpected disconnect (no pending connection op)
2025-09-19 02:09:45,419 - INFO - Connection State - Disconnected
2025-09-19 02:09:45,420 - INFO - _on_mqtt_connected called
2025-09-19 02:09:45,420 - INFO - Cleared all pending method requests due to disconnect
2025-09-19 02:09:45,420 - WARNING - Exception caught in background thread.  Unable to handle.
2025-09-19 02:09:45,420 - WARNING - ['azure.iot.device.common.transport_exceptions.ConnectionDroppedError: Unexpected disconnection\n']
2025-09-19 02:09:45,421 - INFO - Connection State - Connected
2025-09-19 02:09:45,435 - INFO - Connect using port 8883 (TCP)
2025-09-19 02:09:45,691 - INFO - connected with result code: 0
2025-09-19 02:09:45,699 - INFO - disconnected with result code: 7
2025-09-19 02:09:45,701 - INFO - Forcing paho disconnect to prevent it from automatically reconnecting
2025-09-19 02:09:46,263 - INFO - _on_mqtt_connected called
2025-09-19 02:09:46,264 - INFO - MQTTTransportStage: _on_mqtt_disconnect called: The connection was lost.
2025-09-19 02:09:46,264 - INFO - Connection State - Connected
2025-09-19 02:09:46,266 - INFO - MQTTTransportStage: Unexpected disconnect (no pending connection op)
2025-09-19 02:09:46,266 - INFO - Connection State - Disconnected
2025-09-19 02:09:46,266 - INFO - Cleared all pending method requests due to disconnect
2025-09-19 02:09:46,266 - WARNING - Exception caught in background thread.  Unable to handle.
2025-09-19 02:09:46,268 - WARNING - ['azure.iot.device.common.transport_exceptions.ConnectionDroppedError: Unexpected disconnection\n']
2025-09-19 02:09:46,290 - INFO - Connect using port 8883 (TCP)
2025-09-19 02:09:46,528 - INFO - disconnected with result code: 7
2025-09-19 02:09:46,530 - INFO - Forcing paho disconnect to prevent it from automatically reconnecting
2025-09-19 02:09:46,540 - INFO - connected with result code: 0
2025-09-19 02:09:46,890 - INFO - Sending message to Hub...
2025-09-19 02:09:46,891 - INFO - Sending message to Hub...
2025-09-19 02:09:46,891 - INFO - Sending message to Hub...
2025-09-19 02:09:46,892 - INFO - Sending message to Hub...
2025-09-19 02:09:46,892 - INFO - Sending message to Hub...
2025-09-19 02:09:46,893 - INFO - Sending message to Hub...
2025-09-19 02:09:46,893 - INFO - Sending message to Hub...
2025-09-19 02:09:46,893 - INFO - Sending message to Hub...
2025-09-19 02:09:46,894 - INFO - Sending message to Hub...
2025-09-19 02:09:46,894 - INFO - Sending message to Hub...
2025-09-19 02:09:47,125 - INFO - MQTTTransportStage: _on_mqtt_disconnect called: The connection was lost.
2025-09-19 02:09:47,126 - INFO - MQTTTransportStage: Unexpected disconnect (no pending connection op)
2025-09-19 02:09:47,126 - INFO - Connection State - Disconnected
2025-09-19 02:09:47,127 - INFO - _on_mqtt_connected called
2025-09-19 02:09:47,127 - INFO - Cleared all pending method requests due to disconnect
2025-09-19 02:09:47,128 - INFO - publishing on devices/med-infusionpump-002/messages/events/%24.ct=application%2Fjson&%24.ce=utf-8&deviceType=InfusionPump&messageType=telemetry
2025-09-19 02:09:47,128 - WARNING - Exception caught in background thread.  Unable to handle.
2025-09-19 02:09:47,129 - INFO - publishing on devices/med-pulseoximeter-003/messages/events/%24.ct=application%2Fjson&%24.ce=utf-8&deviceType=PulseOximeter&messageType=telemetry
2025-09-19 02:09:47,130 - WARNING - ['azure.iot.device.common.transport_exceptions.ConnectionDroppedError: Unexpected disconnection\n']
2025-09-19 02:09:47,130 - INFO - publishing on devices/med-ventilator-004/messages/events/%24.ct=application%2Fjson&%24.ce=utf-8&deviceType=Ventilator&messageType=telemetry
2025-09-19 02:09:47,130 - INFO - Connection State - Connected
2025-09-19 02:09:47,131 - INFO - publishing on devices/med-bloodpressuremonitor-005/messages/events/%24.ct=application%2Fjson&%24.ce=utf-8&deviceType=BloodPressureMonitor&messageType=telemetry
2025-09-19 02:09:47,132 - INFO - publishing on devices/med-glucometer-006/messages/events/%24.ct=application%2Fjson&%24.ce=utf-8&deviceType=Glucometer&messageType=telemetry
2025-09-19 02:09:47,133 - INFO - publishing on devices/med-thermometer-007/messages/events/%24.ct=application%2Fjson&%24.ce=utf-8&deviceType=Thermometer&messageType=telemetry
2025-09-19 02:09:47,135 - INFO - publishing on devices/med-defibrillator-008/messages/events/%24.ct=application%2Fjson&%24.ce=utf-8&deviceType=Defibrillator&messageType=telemetry
2025-09-19 02:09:47,136 - INFO - publishing on devices/med-eeg-009/messages/events/%24.ct=application%2Fjson&%24.ce=utf-8&deviceType=EEG&messageType=telemetry
2025-09-19 02:09:47,139 - INFO - publishing on devices/med-ultrasound-010/messages/events/%24.ct=application%2Fjson&%24.ce=utf-8&deviceType=Ultrasound&messageType=telemetry
2025-09-19 02:09:47,140 - INFO - Connect using port 8883 (TCP)
2025-09-19 02:09:47,395 - INFO - connected with result code: 0
2025-09-19 02:09:47,411 - INFO - disconnected with result code: 7
2025-09-19 02:09:47,414 - INFO - Forcing paho disconnect to prevent it from automatically reconnecting
2025-09-19 02:09:47,474 - INFO - payload published for 2
2025-09-19 02:09:47,484 - INFO - payload published for 2
2025-09-19 02:09:47,488 - INFO - payload published for 2
2025-09-19 02:09:47,489 - INFO - payload published for 2
2025-09-19 02:09:47,489 - INFO - payload published for 2
2025-09-19 02:09:47,490 - INFO - payload published for 2
2025-09-19 02:09:47,495 - INFO - payload published for 2
2025-09-19 02:09:47,499 - INFO - payload published for 2
2025-09-19 02:09:47,504 - INFO - payload published for 2
2025-09-19 02:09:47,988 - INFO - _on_mqtt_connected called
2025-09-19 02:09:47,990 - INFO - publishing on devices/med-ecg-001/messages/events/%24.ct=application%2Fjson&%24.ce=utf-8&deviceType=ECG&messageType=telemetry
2025-09-19 02:09:47,991 - INFO - Connection State - Connected
2025-09-19 02:09:47,993 - INFO - MQTTTransportStage: _on_mqtt_disconnect called: The connection was lost.
2025-09-19 02:09:47,995 - INFO - MQTTTransportStage: Unexpected disconnect (no pending connection op)
2025-09-19 02:09:47,996 - INFO - Connection State - Disconnected
2025-09-19 02:09:47,999 - INFO - Cleared all pending method requests due to disconnect
2025-09-19 02:09:48,001 - WARNING - Exception caught in background thread.  Unable to handle.
2025-09-19 02:09:48,003 - WARNING - ['azure.iot.device.common.transport_exceptions.ConnectionDroppedError: Unexpected disconnection\n']
2025-09-19 02:09:48,008 - INFO - Successfully sent message to Hub
2025-09-19 02:09:48,011 - INFO - Connect using port 8883 (TCP)
2025-09-19 02:09:48,013 - INFO - Successfully sent message to Hub
2025-09-19 02:09:48,018 - INFO - Successfully sent message to Hub
2025-09-19 02:09:48,019 - INFO - Successfully sent message to Hub
2025-09-19 02:09:48,021 - INFO - Successfully sent message to Hub
2025-09-19 02:09:48,024 - INFO - Successfully sent message to Hub
2025-09-19 02:09:48,025 - INFO - Successfully sent message to Hub
2025-09-19 02:09:48,028 - INFO - Successfully sent message to Hub
2025-09-19 02:09:48,030 - INFO - Successfully sent message to Hub
2025-09-19 02:09:48,253 - INFO - disconnected with result code: 7
2025-09-19 02:09:48,254 - INFO - Forcing paho disconnect to prevent it from automatically reconnecting
2025-09-19 02:09:48,261 - INFO - connected with result code: 0
2025-09-19 02:09:48,835 - INFO - MQTTTransportStage: _on_mqtt_disconnect called: The connection was lost.
2025-09-19 02:09:48,839 - INFO - MQTTTransportStage: Unexpected disconnect (no pending connection op)
2025-09-19 02:09:48,840 - INFO - Connection State - Disconnected
2025-09-19 02:09:48,841 - INFO - _on_mqtt_connected called
2025-09-19 02:09:48,841 - INFO - Cleared all pending method requests due to disconnect
2025-09-19 02:09:48,845 - WARNING - Exception caught in background thread.  Unable to handle.
2025-09-19 02:09:48,846 - WARNING - ['azure.iot.device.common.transport_exceptions.ConnectionDroppedError: Unexpected disconnection\n']
2025-09-19 02:09:48,847 - INFO - Connection State - Connected
2025-09-19 02:09:48,868 - INFO - Connect using port 8883 (TCP)
2025-09-19 02:09:49,096 - INFO - connected with result code: 0
2025-09-19 02:09:49,110 - INFO - disconnected with result code: 7
2025-09-19 02:09:49,113 - INFO - Forcing paho disconnect to prevent it from automatically reconnecting
2025-09-19 02:09:49,705 - INFO - _on_mqtt_connected called
2025-09-19 02:09:49,706 - INFO - MQTTTransportStage: _on_mqtt_disconnect called: The connection was lost.
2025-09-19 02:09:49,707 - INFO - Connection State - Connected
2025-09-19 02:09:49,709 - INFO - MQTTTransportStage: Unexpected disconnect (no pending connection op)
2025-09-19 02:09:49,710 - INFO - Connection State - Disconnected
2025-09-19 02:09:49,712 - INFO - Cleared all pending method requests due to disconnect
2025-09-19 02:09:49,713 - WARNING - Exception caught in background thread.  Unable to handle.
2025-09-19 02:09:49,715 - WARNING - ['azure.iot.device.common.transport_exceptions.ConnectionDroppedError: Unexpected disconnection\n']
2025-09-19 02:09:49,737 - INFO - Connect using port 8883 (TCP)
2025-09-19 02:09:49,966 - INFO - disconnected with result code: 7
2025-09-19 02:09:49,970 - INFO - Forcing paho disconnect to prevent it from automatically reconnecting
2025-09-19 02:09:49,977 - INFO - connected with result code: 0
2025-09-19 02:09:50,348 - INFO - payload published for 2
2025-09-19 02:09:50,590 - INFO - MQTTTransportStage: _on_mqtt_disconnect called: The connection was lost.
2025-09-19 02:09:50,593 - INFO - MQTTTransportStage: Unexpected disconnect (no pending connection op)
2025-09-19 02:09:50,594 - INFO - Connection State - Disconnected
2025-09-19 02:09:50,595 - INFO - _on_mqtt_connected called
2025-09-19 02:09:50,596 - INFO - Cleared all pending method requests due to disconnect
2025-09-19 02:09:50,600 - WARNING - Exception caught in background thread.  Unable to handle.
2025-09-19 02:09:50,601 - WARNING - ['azure.iot.device.common.transport_exceptions.ConnectionDroppedError: Unexpected disconnection\n']
2025-09-19 02:09:50,603 - INFO - Connection State - Connected
2025-09-19 02:09:50,605 - INFO - Successfully sent message to Hub
2025-09-19 02:09:50,609 - INFO - Connect using port 8883 (TCP)
2025-09-19 02:09:50,865 - INFO - connected with result code: 0
2025-09-19 02:09:50,868 - INFO - disconnected with result code: 7
2025-09-19 02:09:50,870 - INFO - Forcing paho disconnect to prevent it from automatically reconnecting
2025-09-19 02:09:51,436 - INFO - _on_mqtt_connected called
2025-09-19 02:09:51,436 - INFO - MQTTTransportStage: _on_mqtt_disconnect called: The connection was lost.
2025-09-19 02:09:51,436 - INFO - Connection State - Connected
2025-09-19 02:09:51,438 - INFO - MQTTTransportStage: Unexpected disconnect (no pending connection op)
2025-09-19 02:09:51,438 - INFO - Connection State - Disconnected
2025-09-19 02:09:51,438 - INFO - Cleared all pending method requests due to disconnect
2025-09-19 02:09:51,439 - WARNING - Exception caught in background thread.  Unable to handle.
2025-09-19 02:09:51,439 - WARNING - ['azure.iot.device.common.transport_exceptions.ConnectionDroppedError: Unexpected disconnection\n']
2025-09-19 02:09:51,463 - INFO - Connect using port 8883 (TCP)
2025-09-19 02:09:51,703 - INFO - connected with result code: 0
2025-09-19 02:09:51,720 - INFO - disconnected with result code: 7
2025-09-19 02:09:51,723 - INFO - Forcing paho disconnect to prevent it from automatically reconnecting
2025-09-19 02:09:52,312 - INFO - _on_mqtt_connected called
2025-09-19 02:09:52,314 - INFO - MQTTTransportStage: _on_mqtt_disconnect called: The connection was lost.
2025-09-19 02:09:52,315 - INFO - Connection State - Connected
2025-09-19 02:09:52,316 - INFO - MQTTTransportStage: Unexpected disconnect (no pending connection op)
2025-09-19 02:09:52,317 - INFO - Connection State - Disconnected
2025-09-19 02:09:52,319 - INFO - Cleared all pending method requests due to disconnect
2025-09-19 02:09:52,320 - WARNING - Exception caught in background thread.  Unable to handle.
2025-09-19 02:09:52,321 - WARNING - ['azure.iot.device.common.transport_exceptions.ConnectionDroppedError: Unexpected disconnection\n']
2025-09-19 02:09:52,338 - INFO - Connect using port 8883 (TCP)
2025-09-19 02:09:52,574 - INFO - disconnected with result code: 7
2025-09-19 02:09:52,576 - INFO - Forcing paho disconnect to prevent it from automatically reconnecting
2025-09-19 02:09:52,578 - INFO - connected with result code: 0
2025-09-19 02:09:53,182 - INFO - MQTTTransportStage: _on_mqtt_disconnect called: The connection was lost.
2025-09-19 02:09:53,184 - INFO - MQTTTransportStage: Unexpected disconnect (no pending connection op)
2025-09-19 02:09:53,184 - INFO - Connection State - Disconnected
2025-09-19 02:09:53,185 - INFO - _on_mqtt_connected called
2025-09-19 02:09:53,185 - INFO - Cleared all pending method requests due to disconnect
2025-09-19 02:09:53,185 - WARNING - Exception caught in background thread.  Unable to handle.
2025-09-19 02:09:53,186 - WARNING - ['azure.iot.device.common.transport_exceptions.ConnectionDroppedError: Unexpected disconnection\n']
2025-09-19 02:09:53,186 - INFO - Connection State - Connected
2025-09-19 02:09:53,201 - INFO - Connect using port 8883 (TCP)
2025-09-19 02:09:53,458 - INFO - connected with result code: 0
2025-09-19 02:09:53,463 - INFO - disconnected with result code: 7
2025-09-19 02:09:53,464 - INFO - Forcing paho disconnect to prevent it from automatically reconnecting
2025-09-19 02:09:54,008 - INFO - _on_mqtt_connected called
2025-09-19 02:09:54,009 - INFO - MQTTTransportStage: _on_mqtt_disconnect called: The connection was lost.
2025-09-19 02:09:54,010 - INFO - Connection State - Connected
2025-09-19 02:09:54,013 - INFO - MQTTTransportStage: Unexpected disconnect (no pending connection op)
2025-09-19 02:09:54,013 - INFO - Connection State - Disconnected
2025-09-19 02:09:54,016 - INFO - Cleared all pending method requests due to disconnect
2025-09-19 02:09:54,019 - WARNING - Exception caught in background thread.  Unable to handle.
2025-09-19 02:09:54,021 - WARNING - ['azure.iot.device.common.transport_exceptions.ConnectionDroppedError: Unexpected disconnection\n']
2025-09-19 02:09:54,032 - INFO - Connect using port 8883 (TCP)
2025-09-19 02:09:54,270 - INFO - connected with result code: 0
2025-09-19 02:09:54,280 - INFO - disconnected with result code: 7
2025-09-19 02:09:54,282 - INFO - Forcing paho disconnect to prevent it from automatically reconnecting
2025-09-19 02:09:54,845 - INFO - _on_mqtt_connected called
2025-09-19 02:09:54,846 - INFO - MQTTTransportStage: _on_mqtt_disconnect called: The connection was lost.
2025-09-19 02:09:54,848 - INFO - Connection State - Connected
2025-09-19 02:09:54,849 - INFO - MQTTTransportStage: Unexpected disconnect (no pending connection op)
2025-09-19 02:09:54,849 - INFO - Connection State - Disconnected
2025-09-19 02:09:54,851 - INFO - Cleared all pending method requests due to disconnect
2025-09-19 02:09:54,851 - WARNING - Exception caught in background thread.  Unable to handle.
2025-09-19 02:09:54,851 - WARNING - ['azure.iot.device.common.transport_exceptions.ConnectionDroppedError: Unexpected disconnection\n']
2025-09-19 02:09:54,869 - INFO - Connect using port 8883 (TCP)
2025-09-19 02:09:55,106 - INFO - connected with result code: 0
2025-09-19 02:09:55,108 - INFO - disconnected with result code: 7
2025-09-19 02:09:55,110 - INFO - Forcing paho disconnect to prevent it from automatically reconnecting
2025-09-19 02:09:55,731 - INFO - _on_mqtt_connected called
2025-09-19 02:09:55,732 - INFO - MQTTTransportStage: _on_mqtt_disconnect called: The connection was lost.
2025-09-19 02:09:55,733 - INFO - Connection State - Connected
2025-09-19 02:09:55,734 - INFO - MQTTTransportStage: Unexpected disconnect (no pending connection op)
2025-09-19 02:09:55,734 - INFO - Connection State - Disconnected
2025-09-19 02:09:55,734 - INFO - Cleared all pending method requests due to disconnect
2025-09-19 02:09:55,735 - WARNING - Exception caught in background thread.  Unable to handle.
2025-09-19 02:09:55,735 - WARNING - ['azure.iot.device.common.transport_exceptions.ConnectionDroppedError: Unexpected disconnection\n']
2025-09-19 02:09:55,748 - INFO - Connect using port 8883 (TCP)
2025-09-19 02:09:55,998 - INFO - disconnected with result code: 7
2025-09-19 02:09:56,000 - INFO - Forcing paho disconnect to prevent it from automatically reconnecting
2025-09-19 02:09:56,011 - INFO - connected with result code: 0
2025-09-19 02:09:56,551 - INFO - MQTTTransportStage: _on_mqtt_disconnect called: The connection was lost.
2025-09-19 02:09:56,552 - INFO - MQTTTransportStage: Unexpected disconnect (no pending connection op)
2025-09-19 02:09:56,552 - INFO - Connection State - Disconnected
2025-09-19 02:09:56,552 - INFO - _on_mqtt_connected called
2025-09-19 02:09:56,552 - INFO - Cleared all pending method requests due to disconnect
2025-09-19 02:09:56,553 - WARNING - Exception caught in background thread.  Unable to handle.
2025-09-19 02:09:56,553 - WARNING - ['azure.iot.device.common.transport_exceptions.ConnectionDroppedError: Unexpected disconnection\n']
2025-09-19 02:09:56,553 - INFO - Connection State - Connected
2025-09-19 02:09:56,575 - INFO - Connect using port 8883 (TCP)
2025-09-19 02:09:56,816 - INFO - connected with result code: 0
2025-09-19 02:09:56,836 - INFO - disconnected with result code: 7
2025-09-19 02:09:56,838 - INFO - Forcing paho disconnect to prevent it from automatically reconnecting
2025-09-19 02:09:57,396 - INFO - _on_mqtt_connected called
2025-09-19 02:09:57,396 - INFO - MQTTTransportStage: _on_mqtt_disconnect called: The connection was lost.
2025-09-19 02:09:57,398 - INFO - Connection State - Connected
2025-09-19 02:09:57,400 - INFO - MQTTTransportStage: Unexpected disconnect (no pending connection op)
2025-09-19 02:09:57,401 - INFO - Connection State - Disconnected
2025-09-19 02:09:57,404 - INFO - Cleared all pending method requests due to disconnect
2025-09-19 02:09:57,405 - WARNING - Exception caught in background thread.  Unable to handle.
2025-09-19 02:09:57,406 - WARNING - ['azure.iot.device.common.transport_exceptions.ConnectionDroppedError: Unexpected disconnection\n']
2025-09-19 02:09:57,416 - INFO - Connect using port 8883 (TCP)
2025-09-19 02:09:57,659 - INFO - disconnected with result code: 7
2025-09-19 02:09:57,660 - INFO - Forcing paho disconnect to prevent it from automatically reconnecting
2025-09-19 02:09:57,664 - INFO - connected with result code: 0
2025-09-19 02:09:58,304 - INFO - MQTTTransportStage: _on_mqtt_disconnect called: The connection was lost.
2025-09-19 02:09:58,308 - INFO - MQTTTransportStage: Unexpected disconnect (no pending connection op)
2025-09-19 02:09:58,308 - INFO - Connection State - Disconnected
2025-09-19 02:09:58,310 - INFO - _on_mqtt_connected called
2025-09-19 02:09:58,313 - INFO - Cleared all pending method requests due to disconnect
2025-09-19 02:09:58,316 - WARNING - Exception caught in background thread.  Unable to handle.
2025-09-19 02:09:58,319 - WARNING - ['azure.iot.device.common.transport_exceptions.ConnectionDroppedError: Unexpected disconnection\n']
2025-09-19 02:09:58,321 - INFO - Connection State - Connected
2025-09-19 02:09:58,333 - INFO - Connect using port 8883 (TCP)
2025-09-19 02:09:58,602 - INFO - disconnected with result code: 7
2025-09-19 02:09:58,604 - INFO - Forcing paho disconnect to prevent it from automatically reconnecting
2025-09-19 02:09:58,605 - INFO - connected with result code: 0
2025-09-19 02:09:59,266 - INFO - MQTTTransportStage: _on_mqtt_disconnect called: The connection was lost.
2025-09-19 02:09:59,270 - INFO - MQTTTransportStage: Unexpected disconnect (no pending connection op)
2025-09-19 02:09:59,270 - INFO - Connection State - Disconnected
2025-09-19 02:09:59,270 - INFO - _on_mqtt_connected called
2025-09-19 02:09:59,272 - INFO - Cleared all pending method requests due to disconnect
2025-09-19 02:09:59,275 - WARNING - Exception caught in background thread.  Unable to handle.
2025-09-19 02:09:59,276 - WARNING - ['azure.iot.device.common.transport_exceptions.ConnectionDroppedError: Unexpected disconnection\n']
2025-09-19 02:09:59,278 - INFO - Connection State - Connected
2025-09-19 02:09:59,294 - INFO - Connect using port 8883 (TCP)
2025-09-19 02:09:59,555 - INFO - connected with result code: 0
2025-09-19 02:09:59,559 - INFO - disconnected with result code: 7
2025-09-19 02:09:59,561 - INFO - Forcing paho disconnect to prevent it from automatically reconnecting
2025-09-19 02:10:00,106 - INFO - _on_mqtt_connected called
2025-09-19 02:10:00,108 - INFO - MQTTTransportStage: _on_mqtt_disconnect called: The connection was lost.
2025-09-19 02:10:00,108 - INFO - Connection State - Connected
2025-09-19 02:10:00,112 - INFO - MQTTTransportStage: Unexpected disconnect (no pending connection op)
2025-09-19 02:10:00,112 - INFO - Connection State - Disconnected
2025-09-19 02:10:00,114 - INFO - Cleared all pending method requests due to disconnect
2025-09-19 02:10:00,115 - WARNING - Exception caught in background thread.  Unable to handle.
2025-09-19 02:10:00,117 - WARNING - ['azure.iot.device.common.transport_exceptions.ConnectionDroppedError: Unexpected disconnection\n']
2025-09-19 02:10:00,133 - INFO - Connect using port 8883 (TCP)
2025-09-19 02:10:00,370 - INFO - connected with result code: 0
2025-09-19 02:10:00,385 - INFO - disconnected with result code: 7
2025-09-19 02:10:00,388 - INFO - Forcing paho disconnect to prevent it from automatically reconnecting
2025-09-19 02:10:00,603 - INFO - Sending message to Hub...
2025-09-19 02:10:00,605 - INFO - Sending message to Hub...
2025-09-19 02:10:00,607 - INFO - Sending message to Hub...
2025-09-19 02:10:00,610 - INFO - Sending message to Hub...
2025-09-19 02:10:00,612 - INFO - Sending message to Hub...
2025-09-19 02:10:00,614 - INFO - Sending message to Hub...
2025-09-19 02:10:00,616 - INFO - Sending message to Hub...
2025-09-19 02:10:00,618 - INFO - Sending message to Hub...
2025-09-19 02:10:00,620 - INFO - Sending message to Hub...
2025-09-19 02:10:00,624 - INFO - Sending message to Hub...
2025-09-19 02:10:00,973 - INFO - _on_mqtt_connected called
2025-09-19 02:10:00,975 - INFO - MQTTTransportStage: _on_mqtt_disconnect called: The connection was lost.
2025-09-19 02:10:00,976 - INFO - Connection State - Connected
2025-09-19 02:10:00,978 - INFO - MQTTTransportStage: Unexpected disconnect (no pending connection op)
2025-09-19 02:10:00,978 - INFO - Connection State - Disconnected
2025-09-19 02:10:00,980 - INFO - publishing on devices/med-ecg-001/messages/events/%24.ct=application%2Fjson&%24.ce=utf-8&deviceType=ECG&messageType=telemetry
2025-09-19 02:10:00,980 - INFO - Cleared all pending method requests due to disconnect
2025-09-19 02:10:00,986 - INFO - publishing on devices/med-infusionpump-002/messages/events/%24.ct=application%2Fjson&%24.ce=utf-8&deviceType=InfusionPump&messageType=telemetry
2025-09-19 02:10:00,987 - WARNING - Exception caught in background thread.  Unable to handle.
2025-09-19 02:10:00,993 - INFO - publishing on devices/med-pulseoximeter-003/messages/events/%24.ct=application%2Fjson&%24.ce=utf-8&deviceType=PulseOximeter&messageType=telemetry
2025-09-19 02:10:00,994 - WARNING - ['azure.iot.device.common.transport_exceptions.ConnectionDroppedError: Unexpected disconnection\n']
2025-09-19 02:10:00,997 - INFO - publishing on devices/med-ventilator-004/messages/events/%24.ct=application%2Fjson&%24.ce=utf-8&deviceType=Ventilator&messageType=telemetry
2025-09-19 02:10:01,003 - INFO - publishing on devices/med-bloodpressuremonitor-005/messages/events/%24.ct=application%2Fjson&%24.ce=utf-8&deviceType=BloodPressureMonitor&messageType=telemetry
2025-09-19 02:10:01,006 - INFO - publishing on devices/med-glucometer-006/messages/events/%24.ct=application%2Fjson&%24.ce=utf-8&deviceType=Glucometer&messageType=telemetry
2025-09-19 02:10:01,012 - INFO - publishing on devices/med-thermometer-007/messages/events/%24.ct=application%2Fjson&%24.ce=utf-8&deviceType=Thermometer&messageType=telemetry
2025-09-19 02:10:01,013 - INFO - publishing on devices/med-defibrillator-008/messages/events/%24.ct=application%2Fjson&%24.ce=utf-8&deviceType=Defibrillator&messageType=telemetry
2025-09-19 02:10:01,015 - INFO - publishing on devices/med-eeg-009/messages/events/%24.ct=application%2Fjson&%24.ce=utf-8&deviceType=EEG&messageType=telemetry
2025-09-19 02:10:01,020 - INFO - publishing on devices/med-ultrasound-010/messages/events/%24.ct=application%2Fjson&%24.ce=utf-8&deviceType=Ultrasound&messageType=telemetry
2025-09-19 02:10:01,026 - INFO - Connect using port 8883 (TCP)
2025-09-19 02:10:01,233 - INFO - connected with result code: 0
2025-09-19 02:10:01,238 - INFO - disconnected with result code: 7
2025-09-19 02:10:01,240 - INFO - Forcing paho disconnect to prevent it from automatically reconnecting
2025-09-19 02:10:01,342 - INFO - payload published for 3
2025-09-19 02:10:01,357 - INFO - payload published for 3
2025-09-19 02:10:01,357 - INFO - payload published for 3
2025-09-19 02:10:01,360 - INFO - payload published for 3
2025-09-19 02:10:01,364 - INFO - payload published for 3
2025-09-19 02:10:01,368 - INFO - payload published for 3
2025-09-19 02:10:01,381 - INFO - payload published for 3
2025-09-19 02:10:01,387 - INFO - payload published for 3
2025-09-19 02:10:01,388 - INFO - payload published for 3
2025-09-19 02:10:01,850 - INFO - _on_mqtt_connected called
2025-09-19 02:10:01,852 - INFO - MQTTTransportStage: _on_mqtt_disconnect called: The connection was lost.
2025-09-19 02:10:01,853 - INFO - Connection State - Connected
2025-09-19 02:10:01,857 - INFO - MQTTTransportStage: Unexpected disconnect (no pending connection op)
2025-09-19 02:10:01,858 - INFO - Connection State - Disconnected
2025-09-19 02:10:01,861 - INFO - Cleared all pending method requests due to disconnect
2025-09-19 02:10:01,862 - WARNING - Exception caught in background thread.  Unable to handle.
2025-09-19 02:10:01,864 - WARNING - ['azure.iot.device.common.transport_exceptions.ConnectionDroppedError: Unexpected disconnection\n']
2025-09-19 02:10:01,868 - INFO - Successfully sent message to Hub
2025-09-19 02:10:01,872 - INFO - Successfully sent message to Hub
2025-09-19 02:10:01,875 - INFO - Connect using port 8883 (TCP)
2025-09-19 02:10:01,875 - INFO - Successfully sent message to Hub
2025-09-19 02:10:01,878 - INFO - Successfully sent message to Hub
2025-09-19 02:10:01,880 - INFO - Successfully sent message to Hub
2025-09-19 02:10:01,883 - INFO - Successfully sent message to Hub
2025-09-19 02:10:01,884 - INFO - Successfully sent message to Hub
2025-09-19 02:10:01,886 - INFO - Successfully sent message to Hub
2025-09-19 02:10:01,887 - INFO - Successfully sent message to Hub
2025-09-19 02:10:02,111 - INFO - disconnected with result code: 7
2025-09-19 02:10:02,112 - INFO - connected with result code: 0
2025-09-19 02:10:02,114 - INFO - Forcing paho disconnect to prevent it from automatically reconnecting
2025-09-19 02:10:02,673 - INFO - _on_mqtt_connected called
2025-09-19 02:10:02,674 - INFO - MQTTTransportStage: _on_mqtt_disconnect called: The connection was lost.
2025-09-19 02:10:02,675 - INFO - Connection State - Connected
2025-09-19 02:10:02,676 - INFO - MQTTTransportStage: Unexpected disconnect (no pending connection op)
2025-09-19 02:10:02,677 - INFO - Connection State - Disconnected
2025-09-19 02:10:02,679 - INFO - Cleared all pending method requests due to disconnect
2025-09-19 02:10:02,681 - WARNING - Exception caught in background thread.  Unable to handle.
2025-09-19 02:10:02,682 - WARNING - ['azure.iot.device.common.transport_exceptions.ConnectionDroppedError: Unexpected disconnection\n']
2025-09-19 02:10:02,698 - INFO - Connect using port 8883 (TCP)
2025-09-19 02:10:02,930 - INFO - connected with result code: 0
2025-09-19 02:10:02,934 - INFO - disconnected with result code: 7
2025-09-19 02:10:02,935 - INFO - Forcing paho disconnect to prevent it from automatically reconnecting
2025-09-19 02:10:03,286 - INFO - payload published for 3
2025-09-19 02:10:03,551 - INFO - _on_mqtt_connected called
2025-09-19 02:10:03,551 - INFO - MQTTTransportStage: _on_mqtt_disconnect called: The connection was lost.
2025-09-19 02:10:03,551 - INFO - Connection State - Connected
2025-09-19 02:10:03,552 - INFO - MQTTTransportStage: Unexpected disconnect (no pending connection op)
2025-09-19 02:10:03,552 - INFO - Connection State - Disconnected
2025-09-19 02:10:03,553 - INFO - Cleared all pending method requests due to disconnect
2025-09-19 02:10:03,553 - WARNING - Exception caught in background thread.  Unable to handle.
2025-09-19 02:10:03,553 - WARNING - ['azure.iot.device.common.transport_exceptions.ConnectionDroppedError: Unexpected disconnection\n']
2025-09-19 02:10:03,554 - INFO - Successfully sent message to Hub
2025-09-19 02:10:03,573 - INFO - Connect using port 8883 (TCP)
2025-09-19 02:10:03,815 - INFO - disconnected with result code: 7
2025-09-19 02:10:03,816 - INFO - Forcing paho disconnect to prevent it from automatically reconnecting
2025-09-19 02:10:03,826 - INFO - connected with result code: 0
2025-09-19 02:10:04,385 - INFO - MQTTTransportStage: _on_mqtt_disconnect called: The connection was lost.
2025-09-19 02:10:04,390 - INFO - MQTTTransportStage: Unexpected disconnect (no pending connection op)
2025-09-19 02:10:04,391 - INFO - Connection State - Disconnected
2025-09-19 02:10:04,392 - INFO - _on_mqtt_connected called
2025-09-19 02:10:04,394 - INFO - Cleared all pending method requests due to disconnect
2025-09-19 02:10:04,398 - WARNING - Exception caught in background thread.  Unable to handle.
2025-09-19 02:10:04,400 - WARNING - ['azure.iot.device.common.transport_exceptions.ConnectionDroppedError: Unexpected disconnection\n']
2025-09-19 02:10:04,402 - INFO - Connection State - Connected
2025-09-19 02:10:04,416 - INFO - Connect using port 8883 (TCP)
2025-09-19 02:10:04,645 - INFO - connected with result code: 0
2025-09-19 02:10:04,661 - INFO - disconnected with result code: 7
2025-09-19 02:10:04,664 - INFO - Forcing paho disconnect to prevent it from automatically reconnecting
2025-09-19 02:10:05,269 - INFO - _on_mqtt_connected called
2025-09-19 02:10:05,269 - INFO - MQTTTransportStage: _on_mqtt_disconnect called: The connection was lost.
2025-09-19 02:10:05,270 - INFO - Connection State - Connected
2025-09-19 02:10:05,271 - INFO - MQTTTransportStage: Unexpected disconnect (no pending connection op)
2025-09-19 02:10:05,271 - INFO - Connection State - Disconnected
2025-09-19 02:10:05,272 - INFO - Cleared all pending method requests due to disconnect
2025-09-19 02:10:05,273 - WARNING - Exception caught in background thread.  Unable to handle.
2025-09-19 02:10:05,273 - WARNING - ['azure.iot.device.common.transport_exceptions.ConnectionDroppedError: Unexpected disconnection\n']
2025-09-19 02:10:05,289 - INFO - Connect using port 8883 (TCP)
2025-09-19 02:10:05,537 - INFO - connected with result code: 0
2025-09-19 02:10:05,539 - INFO - disconnected with result code: 7
2025-09-19 02:10:05,542 - INFO - Forcing paho disconnect to prevent it from automatically reconnecting
2025-09-19 02:10:06,105 - INFO - _on_mqtt_connected called
2025-09-19 02:10:06,107 - INFO - MQTTTransportStage: _on_mqtt_disconnect called: The connection was lost.
2025-09-19 02:10:06,108 - INFO - Connection State - Connected
2025-09-19 02:10:06,111 - INFO - MQTTTransportStage: Unexpected disconnect (no pending connection op)
2025-09-19 02:10:06,112 - INFO - Connection State - Disconnected
2025-09-19 02:10:06,114 - INFO - Cleared all pending method requests due to disconnect
2025-09-19 02:10:06,116 - WARNING - Exception caught in background thread.  Unable to handle.
2025-09-19 02:10:06,117 - WARNING - ['azure.iot.device.common.transport_exceptions.ConnectionDroppedError: Unexpected disconnection\n']
2025-09-19 02:10:06,130 - INFO - Connect using port 8883 (TCP)
2025-09-19 02:10:06,364 - INFO - connected with result code: 0
2025-09-19 02:10:06,366 - INFO - disconnected with result code: 7
2025-09-19 02:10:06,368 - INFO - Forcing paho disconnect to prevent it from automatically reconnecting
2025-09-19 02:10:06,924 - INFO - _on_mqtt_connected called
2025-09-19 02:10:06,926 - INFO - MQTTTransportStage: _on_mqtt_disconnect called: The connection was lost.
2025-09-19 02:10:06,926 - INFO - Connection State - Connected
2025-09-19 02:10:06,930 - INFO - MQTTTransportStage: Unexpected disconnect (no pending connection op)
2025-09-19 02:10:06,930 - INFO - Connection State - Disconnected
2025-09-19 02:10:06,934 - INFO - Cleared all pending method requests due to disconnect
2025-09-19 02:10:06,936 - WARNING - Exception caught in background thread.  Unable to handle.
2025-09-19 02:10:06,937 - WARNING - ['azure.iot.device.common.transport_exceptions.ConnectionDroppedError: Unexpected disconnection\n']
2025-09-19 02:10:06,957 - INFO - Connect using port 8883 (TCP)
2025-09-19 02:10:07,183 - INFO - connected with result code: 0
2025-09-19 02:10:07,190 - INFO - disconnected with result code: 7
2025-09-19 02:10:07,192 - INFO - Forcing paho disconnect to prevent it from automatically reconnecting
2025-09-19 02:10:07,769 - INFO - _on_mqtt_connected called
2025-09-19 02:10:07,772 - INFO - MQTTTransportStage: _on_mqtt_disconnect called: The connection was lost.
2025-09-19 02:10:07,773 - INFO - Connection State - Connected
2025-09-19 02:10:07,776 - INFO - MQTTTransportStage: Unexpected disconnect (no pending connection op)
2025-09-19 02:10:07,777 - INFO - Connection State - Disconnected
2025-09-19 02:10:07,780 - INFO - Cleared all pending method requests due to disconnect
2025-09-19 02:10:07,782 - WARNING - Exception caught in background thread.  Unable to handle.
2025-09-19 02:10:07,783 - WARNING - ['azure.iot.device.common.transport_exceptions.ConnectionDroppedError: Unexpected disconnection\n']
2025-09-19 02:10:07,796 - INFO - Connect using port 8883 (TCP)
2025-09-19 02:10:08,030 - INFO - connected with result code: 0
2025-09-19 02:10:08,031 - INFO - disconnected with result code: 7
2025-09-19 02:10:08,033 - INFO - Forcing paho disconnect to prevent it from automatically reconnecting
2025-09-19 02:10:08,656 - INFO - _on_mqtt_connected called
2025-09-19 02:10:08,658 - INFO - MQTTTransportStage: _on_mqtt_disconnect called: The connection was lost.
2025-09-19 02:10:08,659 - INFO - Connection State - Connected
2025-09-19 02:10:08,663 - INFO - MQTTTransportStage: Unexpected disconnect (no pending connection op)
2025-09-19 02:10:08,663 - INFO - Connection State - Disconnected
2025-09-19 02:10:08,668 - INFO - Cleared all pending method requests due to disconnect
2025-09-19 02:10:08,669 - WARNING - Exception caught in background thread.  Unable to handle.
2025-09-19 02:10:08,672 - WARNING - ['azure.iot.device.common.transport_exceptions.ConnectionDroppedError: Unexpected disconnection\n']
2025-09-19 02:10:08,684 - INFO - Connect using port 8883 (TCP)
2025-09-19 02:10:08,919 - INFO - disconnected with result code: 7
2025-09-19 02:10:08,921 - INFO - Forcing paho disconnect to prevent it from automatically reconnecting
2025-09-19 02:10:08,923 - INFO - connected with result code: 0
2025-09-19 02:10:09,500 - INFO - MQTTTransportStage: _on_mqtt_disconnect called: The connection was lost.
2025-09-19 02:10:09,505 - INFO - MQTTTransportStage: Unexpected disconnect (no pending connection op)
2025-09-19 02:10:09,506 - INFO - Connection State - Disconnected
2025-09-19 02:10:09,506 - INFO - _on_mqtt_connected called
2025-09-19 02:10:09,508 - INFO - Cleared all pending method requests due to disconnect
2025-09-19 02:10:09,511 - WARNING - Exception caught in background thread.  Unable to handle.
2025-09-19 02:10:09,512 - WARNING - ['azure.iot.device.common.transport_exceptions.ConnectionDroppedError: Unexpected disconnection\n']
2025-09-19 02:10:09,514 - INFO - Connection State - Connected
2025-09-19 02:10:09,524 - INFO - Connect using port 8883 (TCP)
2025-09-19 02:10:09,759 - INFO - connected with result code: 0
2025-09-19 02:10:09,770 - INFO - disconnected with result code: 7
2025-09-19 02:10:09,774 - INFO - Forcing paho disconnect to prevent it from automatically reconnecting
2025-09-19 02:10:10,369 - INFO - _on_mqtt_connected called
2025-09-19 02:10:10,371 - INFO - MQTTTransportStage: _on_mqtt_disconnect called: The connection was lost.
2025-09-19 02:10:10,372 - INFO - Connection State - Connected
2025-09-19 02:10:10,375 - INFO - MQTTTransportStage: Unexpected disconnect (no pending connection op)
2025-09-19 02:10:10,376 - INFO - Connection State - Disconnected
2025-09-19 02:10:10,379 - INFO - Cleared all pending method requests due to disconnect
2025-09-19 02:10:10,380 - WARNING - Exception caught in background thread.  Unable to handle.
2025-09-19 02:10:10,382 - WARNING - ['azure.iot.device.common.transport_exceptions.ConnectionDroppedError: Unexpected disconnection\n']
2025-09-19 02:10:10,402 - INFO - Connect using port 8883 (TCP)
2025-09-19 02:10:10,635 - INFO - disconnected with result code: 7
2025-09-19 02:10:10,638 - INFO - connected with result code: 0
2025-09-19 02:10:10,638 - INFO - Forcing paho disconnect to prevent it from automatically reconnecting
2025-09-19 02:10:11,206 - INFO - _on_mqtt_connected called
2025-09-19 02:10:11,207 - INFO - MQTTTransportStage: _on_mqtt_disconnect called: The connection was lost.
2025-09-19 02:10:11,208 - INFO - Connection State - Connected
2025-09-19 02:10:11,208 - INFO - MQTTTransportStage: Unexpected disconnect (no pending connection op)
2025-09-19 02:10:11,209 - INFO - Connection State - Disconnected
2025-09-19 02:10:11,209 - INFO - Cleared all pending method requests due to disconnect
2025-09-19 02:10:11,211 - WARNING - Exception caught in background thread.  Unable to handle.
2025-09-19 02:10:11,211 - WARNING - ['azure.iot.device.common.transport_exceptions.ConnectionDroppedError: Unexpected disconnection\n']
2025-09-19 02:10:11,226 - INFO - Connect using port 8883 (TCP)
2025-09-19 02:10:11,470 - INFO - connected with result code: 0
2025-09-19 02:10:11,482 - INFO - disconnected with result code: 7
2025-09-19 02:10:11,486 - INFO - Forcing paho disconnect to prevent it from automatically reconnecting
2025-09-19 02:10:12,038 - INFO - _on_mqtt_connected called
2025-09-19 02:10:12,038 - INFO - MQTTTransportStage: _on_mqtt_disconnect called: The connection was lost.
2025-09-19 02:10:12,039 - INFO - Connection State - Connected
2025-09-19 02:10:12,039 - INFO - MQTTTransportStage: Unexpected disconnect (no pending connection op)
2025-09-19 02:10:12,039 - INFO - Connection State - Disconnected
2025-09-19 02:10:12,039 - INFO - Cleared all pending method requests due to disconnect
2025-09-19 02:10:12,039 - WARNING - Exception caught in background thread.  Unable to handle.
2025-09-19 02:10:12,040 - WARNING - ['azure.iot.device.common.transport_exceptions.ConnectionDroppedError: Unexpected disconnection\n']
2025-09-19 02:10:12,063 - INFO - Connect using port 8883 (TCP)
2025-09-19 02:10:12,305 - INFO - connected with result code: 0
2025-09-19 02:10:12,318 - INFO - disconnected with result code: 7
2025-09-19 02:10:12,321 - INFO - Forcing paho disconnect to prevent it from automatically reconnecting
2025-09-19 02:10:12,900 - INFO - _on_mqtt_connected called
2025-09-19 02:10:12,901 - INFO - MQTTTransportStage: _on_mqtt_disconnect called: The connection was lost.
2025-09-19 02:10:12,902 - INFO - Connection State - Connected
2025-09-19 02:10:12,904 - INFO - MQTTTransportStage: Unexpected disconnect (no pending connection op)
2025-09-19 02:10:12,904 - INFO - Connection State - Disconnected
2025-09-19 02:10:12,906 - INFO - Cleared all pending method requests due to disconnect
2025-09-19 02:10:12,906 - WARNING - Exception caught in background thread.  Unable to handle.
2025-09-19 02:10:12,908 - WARNING - ['azure.iot.device.common.transport_exceptions.ConnectionDroppedError: Unexpected disconnection\n']
2025-09-19 02:10:12,926 - INFO - Connect using port 8883 (TCP)
2025-09-19 02:10:13,171 - INFO - disconnected with result code: 7
2025-09-19 02:10:13,172 - INFO - Forcing paho disconnect to prevent it from automatically reconnecting
2025-09-19 02:10:13,180 - INFO - connected with result code: 0
2025-09-19 02:10:13,582 - INFO - Sending message to Hub...
2025-09-19 02:10:13,585 - INFO - Sending message to Hub...
2025-09-19 02:10:13,587 - INFO - Sending message to Hub...
2025-09-19 02:10:13,587 - INFO - Sending message to Hub...
2025-09-19 02:10:13,588 - INFO - Sending message to Hub...
2025-09-19 02:10:13,590 - INFO - Sending message to Hub...
2025-09-19 02:10:13,592 - INFO - Sending message to Hub...
2025-09-19 02:10:13,594 - INFO - Sending message to Hub...
2025-09-19 02:10:13,594 - INFO - Sending message to Hub...
2025-09-19 02:10:13,596 - INFO - Sending message to Hub...
2025-09-19 02:10:13,776 - INFO - MQTTTransportStage: _on_mqtt_disconnect called: The connection was lost.
2025-09-19 02:10:13,780 - INFO - MQTTTransportStage: Unexpected disconnect (no pending connection op)
2025-09-19 02:10:13,780 - INFO - Connection State - Disconnected
2025-09-19 02:10:13,782 - INFO - _on_mqtt_connected called
2025-09-19 02:10:13,784 - INFO - Cleared all pending method requests due to disconnect
2025-09-19 02:10:13,787 - INFO - publishing on devices/med-ecg-001/messages/events/%24.ct=application%2Fjson&%24.ce=utf-8&deviceType=ECG&messageType=telemetry
2025-09-19 02:10:13,788 - WARNING - Exception caught in background thread.  Unable to handle.
2025-09-19 02:10:13,790 - INFO - publishing on devices/med-infusionpump-002/messages/events/%24.ct=application%2Fjson&%24.ce=utf-8&deviceType=InfusionPump&messageType=telemetry
2025-09-19 02:10:13,792 - WARNING - ['azure.iot.device.common.transport_exceptions.ConnectionDroppedError: Unexpected disconnection\n']
2025-09-19 02:10:13,795 - INFO - publishing on devices/med-pulseoximeter-003/messages/events/%24.ct=application%2Fjson&%24.ce=utf-8&deviceType=PulseOximeter&messageType=telemetry
2025-09-19 02:10:13,797 - INFO - Connection State - Connected
2025-09-19 02:10:13,802 - INFO - publishing on devices/med-ventilator-004/messages/events/%24.ct=application%2Fjson&%24.ce=utf-8&deviceType=Ventilator&messageType=telemetry
2025-09-19 02:10:13,804 - INFO - publishing on devices/med-bloodpressuremonitor-005/messages/events/%24.ct=application%2Fjson&%24.ce=utf-8&deviceType=BloodPressureMonitor&messageType=telemetry
2025-09-19 02:10:13,808 - INFO - publishing on devices/med-glucometer-006/messages/events/%24.ct=application%2Fjson&%24.ce=utf-8&deviceType=Glucometer&messageType=telemetry
2025-09-19 02:10:13,809 - INFO - publishing on devices/med-thermometer-007/messages/events/%24.ct=application%2Fjson&%24.ce=utf-8&deviceType=Thermometer&messageType=telemetry
2025-09-19 02:10:13,811 - INFO - publishing on devices/med-defibrillator-008/messages/events/%24.ct=application%2Fjson&%24.ce=utf-8&deviceType=Defibrillator&messageType=telemetry
2025-09-19 02:10:13,812 - INFO - publishing on devices/med-eeg-009/messages/events/%24.ct=application%2Fjson&%24.ce=utf-8&deviceType=EEG&messageType=telemetry
2025-09-19 02:10:13,813 - INFO - publishing on devices/med-ultrasound-010/messages/events/%24.ct=application%2Fjson&%24.ce=utf-8&deviceType=Ultrasound&messageType=telemetry
2025-09-19 02:10:13,814 - INFO - Connect using port 8883 (TCP)
2025-09-19 02:10:14,043 - INFO - connected with result code: 0
2025-09-19 02:10:14,064 - INFO - disconnected with result code: 7
2025-09-19 02:10:14,068 - INFO - Forcing paho disconnect to prevent it from automatically reconnecting
2025-09-19 02:10:14,158 - INFO - payload published for 4
2025-09-19 02:10:14,162 - INFO - payload published for 4
2025-09-19 02:10:14,163 - INFO - payload published for 4
2025-09-19 02:10:14,164 - INFO - payload published for 4
2025-09-19 02:10:14,174 - INFO - payload published for 4
2025-09-19 02:10:14,179 - INFO - payload published for 4
2025-09-19 02:10:14,184 - INFO - payload published for 4
2025-09-19 02:10:14,192 - INFO - payload published for 4
2025-09-19 02:10:14,192 - INFO - payload published for 4
2025-09-19 02:10:14,632 - INFO - _on_mqtt_connected called
2025-09-19 02:10:14,634 - INFO - MQTTTransportStage: _on_mqtt_disconnect called: The connection was lost.
2025-09-19 02:10:14,635 - INFO - Connection State - Connected
2025-09-19 02:10:14,638 - INFO - MQTTTransportStage: Unexpected disconnect (no pending connection op)
2025-09-19 02:10:14,639 - INFO - Connection State - Disconnected
2025-09-19 02:10:14,642 - INFO - Cleared all pending method requests due to disconnect
2025-09-19 02:10:14,644 - WARNING - Exception caught in background thread.  Unable to handle.
2025-09-19 02:10:14,646 - WARNING - ['azure.iot.device.common.transport_exceptions.ConnectionDroppedError: Unexpected disconnection\n']
2025-09-19 02:10:14,650 - INFO - Successfully sent message to Hub
2025-09-19 02:10:14,652 - INFO - Successfully sent message to Hub
2025-09-19 02:10:14,654 - INFO - Successfully sent message to Hub
2025-09-19 02:10:14,657 - INFO - Successfully sent message to Hub
2025-09-19 02:10:14,658 - INFO - Connect using port 8883 (TCP)
2025-09-19 02:10:14,661 - INFO - Successfully sent message to Hub
2025-09-19 02:10:14,663 - INFO - Successfully sent message to Hub
2025-09-19 02:10:14,666 - INFO - Successfully sent message to Hub
2025-09-19 02:10:14,669 - INFO - Successfully sent message to Hub
2025-09-19 02:10:14,672 - INFO - Successfully sent message to Hub
2025-09-19 02:10:14,897 - INFO - connected with result code: 0
2025-09-19 02:10:14,902 - INFO - disconnected with result code: 7
2025-09-19 02:10:14,905 - INFO - Forcing paho disconnect to prevent it from automatically reconnecting
2025-09-19 02:10:15,516 - INFO - _on_mqtt_connected called
2025-09-19 02:10:15,520 - INFO - MQTTTransportStage: _on_mqtt_disconnect called: The connection was lost.
2025-09-19 02:10:15,521 - INFO - Connection State - Connected
2025-09-19 02:10:15,525 - INFO - MQTTTransportStage: Unexpected disconnect (no pending connection op)
2025-09-19 02:10:15,525 - INFO - Connection State - Disconnected
2025-09-19 02:10:15,528 - INFO - Cleared all pending method requests due to disconnect
2025-09-19 02:10:15,530 - WARNING - Exception caught in background thread.  Unable to handle.
2025-09-19 02:10:15,531 - WARNING - ['azure.iot.device.common.transport_exceptions.ConnectionDroppedError: Unexpected disconnection\n']
2025-09-19 02:10:15,546 - INFO - Connect using port 8883 (TCP)
2025-09-19 02:10:15,778 - INFO - disconnected with result code: 7
2025-09-19 02:10:15,780 - INFO - Forcing paho disconnect to prevent it from automatically reconnecting
2025-09-19 02:10:15,785 - INFO - connected with result code: 0
2025-09-19 02:10:16,163 - INFO - payload published for 4
2025-09-19 02:10:16,363 - INFO - MQTTTransportStage: _on_mqtt_disconnect called: The connection was lost.
2025-09-19 02:10:16,368 - INFO - MQTTTransportStage: Unexpected disconnect (no pending connection op)
2025-09-19 02:10:16,368 - INFO - Connection State - Disconnected
2025-09-19 02:10:16,370 - INFO - _on_mqtt_connected called
2025-09-19 02:10:16,372 - INFO - Cleared all pending method requests due to disconnect
2025-09-19 02:10:16,376 - WARNING - Exception caught in background thread.  Unable to handle.
2025-09-19 02:10:16,376 - WARNING - ['azure.iot.device.common.transport_exceptions.ConnectionDroppedError: Unexpected disconnection\n']
2025-09-19 02:10:16,379 - INFO - Connection State - Connected
2025-09-19 02:10:16,381 - INFO - Successfully sent message to Hub
2025-09-19 02:10:16,392 - INFO - Connect using port 8883 (TCP)
2025-09-19 02:10:16,627 - INFO - connected with result code: 0
2025-09-19 02:10:16,638 - INFO - disconnected with result code: 7
2025-09-19 02:10:16,640 - INFO - Forcing paho disconnect to prevent it from automatically reconnecting
2025-09-19 02:10:17,243 - INFO - _on_mqtt_connected called
2025-09-19 02:10:17,246 - INFO - MQTTTransportStage: _on_mqtt_disconnect called: The connection was lost.
2025-09-19 02:10:17,248 - INFO - Connection State - Connected
2025-09-19 02:10:17,251 - INFO - MQTTTransportStage: Unexpected disconnect (no pending connection op)
2025-09-19 02:10:17,252 - INFO - Connection State - Disconnected
2025-09-19 02:10:17,255 - INFO - Cleared all pending method requests due to disconnect
2025-09-19 02:10:17,256 - WARNING - Exception caught in background thread.  Unable to handle.
2025-09-19 02:10:17,257 - WARNING - ['azure.iot.device.common.transport_exceptions.ConnectionDroppedError: Unexpected disconnection\n']
2025-09-19 02:10:17,276 - INFO - Connect using port 8883 (TCP)
2025-09-19 02:10:17,510 - INFO - disconnected with result code: 7
2025-09-19 02:10:17,512 - INFO - Forcing paho disconnect to prevent it from automatically reconnecting
2025-09-19 02:10:17,520 - INFO - connected with result code: 0
2025-09-19 02:10:18,110 - INFO - MQTTTransportStage: _on_mqtt_disconnect called: The connection was lost.
2025-09-19 02:10:18,111 - INFO - MQTTTransportStage: Unexpected disconnect (no pending connection op)
2025-09-19 02:10:18,111 - INFO - Connection State - Disconnected
2025-09-19 02:10:18,112 - INFO - _on_mqtt_connected called
2025-09-19 02:10:18,113 - INFO - Cleared all pending method requests due to disconnect
2025-09-19 02:10:18,114 - WARNING - Exception caught in background thread.  Unable to handle.
2025-09-19 02:10:18,115 - WARNING - ['azure.iot.device.common.transport_exceptions.ConnectionDroppedError: Unexpected disconnection\n']
2025-09-19 02:10:18,116 - INFO - Connection State - Connected
2025-09-19 02:10:18,133 - INFO - Connect using port 8883 (TCP)
2025-09-19 02:10:18,380 - INFO - connected with result code: 0
2025-09-19 02:10:18,390 - INFO - disconnected with result code: 7
2025-09-19 02:10:18,391 - INFO - Forcing paho disconnect to prevent it from automatically reconnecting
2025-09-19 02:10:19,013 - INFO - _on_mqtt_connected called
2025-09-19 02:10:19,014 - INFO - MQTTTransportStage: _on_mqtt_disconnect called: The connection was lost.
2025-09-19 02:10:19,015 - INFO - Connection State - Connected
2025-09-19 02:10:19,020 - INFO - MQTTTransportStage: Unexpected disconnect (no pending connection op)
2025-09-19 02:10:19,021 - INFO - Connection State - Disconnected
2025-09-19 02:10:19,022 - INFO - Cleared all pending method requests due to disconnect
2025-09-19 02:10:19,024 - WARNING - Exception caught in background thread.  Unable to handle.
2025-09-19 02:10:19,025 - WARNING - ['azure.iot.device.common.transport_exceptions.ConnectionDroppedError: Unexpected disconnection\n']
2025-09-19 02:10:19,045 - INFO - Connect using port 8883 (TCP)
2025-09-19 02:10:19,278 - INFO - connected with result code: 0
2025-09-19 02:10:19,282 - INFO - disconnected with result code: 7
2025-09-19 02:10:19,284 - INFO - Forcing paho disconnect to prevent it from automatically reconnecting
2025-09-19 02:10:19,857 - INFO - _on_mqtt_connected called
2025-09-19 02:10:19,859 - INFO - MQTTTransportStage: _on_mqtt_disconnect called: The connection was lost.
2025-09-19 02:10:19,859 - INFO - Connection State - Connected
2025-09-19 02:10:19,861 - INFO - MQTTTransportStage: Unexpected disconnect (no pending connection op)
2025-09-19 02:10:19,862 - INFO - Connection State - Disconnected
2025-09-19 02:10:19,865 - INFO - Cleared all pending method requests due to disconnect
2025-09-19 02:10:19,866 - WARNING - Exception caught in background thread.  Unable to handle.
2025-09-19 02:10:19,869 - WARNING - ['azure.iot.device.common.transport_exceptions.ConnectionDroppedError: Unexpected disconnection\n']
2025-09-19 02:10:19,874 - INFO - Connect using port 8883 (TCP)
2025-09-19 02:10:20,119 - INFO - connected with result code: 0
2025-09-19 02:10:20,123 - INFO - disconnected with result code: 7
2025-09-19 02:10:20,125 - INFO - Forcing paho disconnect to prevent it from automatically reconnecting
2025-09-19 02:10:20,723 - INFO - _on_mqtt_connected called
2025-09-19 02:10:20,724 - INFO - MQTTTransportStage: _on_mqtt_disconnect called: The connection was lost.
2025-09-19 02:10:20,724 - INFO - Connection State - Connected
2025-09-19 02:10:20,726 - INFO - MQTTTransportStage: Unexpected disconnect (no pending connection op)
2025-09-19 02:10:20,727 - INFO - Connection State - Disconnected
2025-09-19 02:10:20,728 - INFO - Cleared all pending method requests due to disconnect
2025-09-19 02:10:20,730 - WARNING - Exception caught in background thread.  Unable to handle.
2025-09-19 02:10:20,730 - WARNING - ['azure.iot.device.common.transport_exceptions.ConnectionDroppedError: Unexpected disconnection\n']
2025-09-19 02:10:20,743 - INFO - Connect using port 8883 (TCP)
2025-09-19 02:10:20,985 - INFO - disconnected with result code: 7
2025-09-19 02:10:20,986 - INFO - Forcing paho disconnect to prevent it from automatically reconnecting
2025-09-19 02:10:20,996 - INFO - connected with result code: 0
2025-09-19 02:10:21,588 - INFO - MQTTTransportStage: _on_mqtt_disconnect called: The connection was lost.
2025-09-19 02:10:21,593 - INFO - MQTTTransportStage: Unexpected disconnect (no pending connection op)
2025-09-19 02:10:21,593 - INFO - Connection State - Disconnected
2025-09-19 02:10:21,596 - INFO - _on_mqtt_connected called
2025-09-19 02:10:21,598 - INFO - Cleared all pending method requests due to disconnect
2025-09-19 02:10:21,602 - WARNING - Exception caught in background thread.  Unable to handle.
2025-09-19 02:10:21,606 - WARNING - ['azure.iot.device.common.transport_exceptions.ConnectionDroppedError: Unexpected disconnection\n']
2025-09-19 02:10:21,607 - INFO - Connection State - Connected
2025-09-19 02:10:21,611 - INFO - Connect using port 8883 (TCP)
2025-09-19 02:10:21,860 - INFO - connected with result code: 0
2025-09-19 02:10:21,865 - INFO - disconnected with result code: 7
2025-09-19 02:10:21,868 - INFO - Forcing paho disconnect to prevent it from automatically reconnecting
2025-09-19 02:10:22,418 - INFO - _on_mqtt_connected called
2025-09-19 02:10:22,418 - INFO - MQTTTransportStage: _on_mqtt_disconnect called: The connection was lost.
2025-09-19 02:10:22,418 - INFO - Connection State - Connected
2025-09-19 02:10:22,419 - INFO - MQTTTransportStage: Unexpected disconnect (no pending connection op)
2025-09-19 02:10:22,419 - INFO - Connection State - Disconnected
2025-09-19 02:10:22,419 - INFO - Cleared all pending method requests due to disconnect
2025-09-19 02:10:22,420 - WARNING - Exception caught in background thread.  Unable to handle.
2025-09-19 02:10:22,420 - WARNING - ['azure.iot.device.common.transport_exceptions.ConnectionDroppedError: Unexpected disconnection\n']
2025-09-19 02:10:22,435 - INFO - Connect using port 8883 (TCP)
2025-09-19 02:10:22,680 - INFO - connected with result code: 0
2025-09-19 02:10:22,692 - INFO - disconnected with result code: 7
2025-09-19 02:10:22,693 - INFO - Forcing paho disconnect to prevent it from automatically reconnecting
2025-09-19 02:10:23,243 - INFO - _on_mqtt_connected called
2025-09-19 02:10:23,244 - INFO - MQTTTransportStage: _on_mqtt_disconnect called: The connection was lost.
2025-09-19 02:10:23,245 - INFO - Connection State - Connected
2025-09-19 02:10:23,247 - INFO - MQTTTransportStage: Unexpected disconnect (no pending connection op)
2025-09-19 02:10:23,248 - INFO - Connection State - Disconnected
2025-09-19 02:10:23,250 - INFO - Cleared all pending method requests due to disconnect
2025-09-19 02:10:23,252 - WARNING - Exception caught in background thread.  Unable to handle.
2025-09-19 02:10:23,255 - WARNING - ['azure.iot.device.common.transport_exceptions.ConnectionDroppedError: Unexpected disconnection\n']
2025-09-19 02:10:23,272 - INFO - Connect using port 8883 (TCP)
2025-09-19 02:10:23,504 - INFO - connected with result code: 0
2025-09-19 02:10:23,506 - INFO - disconnected with result code: 7
2025-09-19 02:10:23,506 - INFO - Forcing paho disconnect to prevent it from automatically reconnecting
2025-09-19 02:10:24,109 - INFO - _on_mqtt_connected called
2025-09-19 02:10:24,111 - INFO - MQTTTransportStage: _on_mqtt_disconnect called: The connection was lost.
2025-09-19 02:10:24,112 - INFO - Connection State - Connected
2025-09-19 02:10:24,117 - INFO - MQTTTransportStage: Unexpected disconnect (no pending connection op)
2025-09-19 02:10:24,118 - INFO - Connection State - Disconnected
2025-09-19 02:10:24,121 - INFO - Cleared all pending method requests due to disconnect
2025-09-19 02:10:24,121 - WARNING - Exception caught in background thread.  Unable to handle.
2025-09-19 02:10:24,122 - WARNING - ['azure.iot.device.common.transport_exceptions.ConnectionDroppedError: Unexpected disconnection\n']
2025-09-19 02:10:24,142 - INFO - Connect using port 8883 (TCP)
2025-09-19 02:10:24,370 - INFO - disconnected with result code: 7
2025-09-19 02:10:24,371 - INFO - Forcing paho disconnect to prevent it from automatically reconnecting
2025-09-19 02:10:24,380 - INFO - connected with result code: 0
2025-09-19 02:10:25,012 - INFO - MQTTTransportStage: _on_mqtt_disconnect called: The connection was lost.
2025-09-19 02:10:25,013 - INFO - MQTTTransportStage: Unexpected disconnect (no pending connection op)
2025-09-19 02:10:25,014 - INFO - Connection State - Disconnected
2025-09-19 02:10:25,014 - INFO - _on_mqtt_connected called
2025-09-19 02:10:25,015 - INFO - Cleared all pending method requests due to disconnect
2025-09-19 02:10:25,019 - WARNING - Exception caught in background thread.  Unable to handle.
2025-09-19 02:10:25,020 - WARNING - ['azure.iot.device.common.transport_exceptions.ConnectionDroppedError: Unexpected disconnection\n']
2025-09-19 02:10:25,022 - INFO - Connection State - Connected
2025-09-19 02:10:25,029 - INFO - Connect using port 8883 (TCP)
2025-09-19 02:10:25,285 - INFO - connected with result code: 0
2025-09-19 02:10:25,292 - INFO - disconnected with result code: 7
2025-09-19 02:10:25,293 - INFO - Forcing paho disconnect to prevent it from automatically reconnecting
2025-09-19 02:10:25,895 - INFO - _on_mqtt_connected called
2025-09-19 02:10:25,896 - INFO - MQTTTransportStage: _on_mqtt_disconnect called: The connection was lost.
2025-09-19 02:10:25,898 - INFO - Connection State - Connected
2025-09-19 02:10:25,900 - INFO - MQTTTransportStage: Unexpected disconnect (no pending connection op)
2025-09-19 02:10:25,901 - INFO - Connection State - Disconnected
2025-09-19 02:10:25,904 - INFO - Cleared all pending method requests due to disconnect
2025-09-19 02:10:25,905 - WARNING - Exception caught in background thread.  Unable to handle.
2025-09-19 02:10:25,905 - WARNING - ['azure.iot.device.common.transport_exceptions.ConnectionDroppedError: Unexpected disconnection\n']
2025-09-19 02:10:25,925 - INFO - Connect using port 8883 (TCP)
2025-09-19 02:10:26,162 - INFO - connected with result code: 0
2025-09-19 02:10:26,172 - INFO - disconnected with result code: 7
2025-09-19 02:10:26,173 - INFO - Forcing paho disconnect to prevent it from automatically reconnecting
2025-09-19 02:10:26,394 - INFO - Sending message to Hub...
2025-09-19 02:10:26,395 - INFO - Sending message to Hub...
2025-09-19 02:10:26,396 - INFO - Sending message to Hub...
2025-09-19 02:10:26,398 - INFO - Sending message to Hub...
2025-09-19 02:10:26,399 - INFO - Sending message to Hub...
2025-09-19 02:10:26,401 - INFO - Sending message to Hub...
2025-09-19 02:10:26,402 - INFO - Sending message to Hub...
2025-09-19 02:10:26,402 - INFO - Sending message to Hub...
2025-09-19 02:10:26,403 - INFO - Sending message to Hub...
2025-09-19 02:10:26,404 - INFO - Sending message to Hub...
2025-09-19 02:10:26,788 - INFO - _on_mqtt_connected called
2025-09-19 02:10:26,790 - INFO - MQTTTransportStage: _on_mqtt_disconnect called: The connection was lost.
2025-09-19 02:10:26,790 - INFO - Connection State - Connected
2025-09-19 02:10:26,795 - INFO - MQTTTransportStage: Unexpected disconnect (no pending connection op)
2025-09-19 02:10:26,797 - INFO - Connection State - Disconnected
2025-09-19 02:10:26,799 - INFO - publishing on devices/med-ecg-001/messages/events/%24.ct=application%2Fjson&%24.ce=utf-8&deviceType=ECG&messageType=telemetry
2025-09-19 02:10:26,800 - INFO - Cleared all pending method requests due to disconnect
2025-09-19 02:10:26,802 - INFO - publishing on devices/med-infusionpump-002/messages/events/%24.ct=application%2Fjson&%24.ce=utf-8&deviceType=InfusionPump&messageType=telemetry
2025-09-19 02:10:26,803 - WARNING - Exception caught in background thread.  Unable to handle.
2025-09-19 02:10:26,805 - INFO - publishing on devices/med-pulseoximeter-003/messages/events/%24.ct=application%2Fjson&%24.ce=utf-8&deviceType=PulseOximeter&messageType=telemetry
2025-09-19 02:10:26,806 - WARNING - ['azure.iot.device.common.transport_exceptions.ConnectionDroppedError: Unexpected disconnection\n']
2025-09-19 02:10:26,807 - INFO - publishing on devices/med-ventilator-004/messages/events/%24.ct=application%2Fjson&%24.ce=utf-8&deviceType=Ventilator&messageType=telemetry
2025-09-19 02:10:26,809 - INFO - publishing on devices/med-bloodpressuremonitor-005/messages/events/%24.ct=application%2Fjson&%24.ce=utf-8&deviceType=BloodPressureMonitor&messageType=telemetry
2025-09-19 02:10:26,811 - INFO - publishing on devices/med-glucometer-006/messages/events/%24.ct=application%2Fjson&%24.ce=utf-8&deviceType=Glucometer&messageType=telemetry
2025-09-19 02:10:26,811 - INFO - publishing on devices/med-thermometer-007/messages/events/%24.ct=application%2Fjson&%24.ce=utf-8&deviceType=Thermometer&messageType=telemetry
2025-09-19 02:10:26,812 - INFO - publishing on devices/med-defibrillator-008/messages/events/%24.ct=application%2Fjson&%24.ce=utf-8&deviceType=Defibrillator&messageType=telemetry
2025-09-19 02:10:26,812 - INFO - publishing on devices/med-eeg-009/messages/events/%24.ct=application%2Fjson&%24.ce=utf-8&deviceType=EEG&messageType=telemetry
2025-09-19 02:10:26,813 - INFO - publishing on devices/med-ultrasound-010/messages/events/%24.ct=application%2Fjson&%24.ce=utf-8&deviceType=Ultrasound&messageType=telemetry
2025-09-19 02:10:26,818 - INFO - Connect using port 8883 (TCP)
2025-09-19 02:10:26,994 - INFO - Disconnecting from Hub...
2025-09-19 02:10:27,055 - INFO - connected with result code: 0
2025-09-19 02:10:27,057 - WARNING - Unexpected error calling on_mqtt_connected_handler
2025-09-19 02:10:27,059 - INFO - disconnected with result code: 7
2025-09-19 02:10:27,060 - INFO - Forcing paho disconnect to prevent it from automatically reconnecting
2025-09-19 02:10:27,062 - WARNING - Unexpected error calling on_mqtt_disconnected_handler
2025-09-19 02:10:27,071 - WARNING - Traceback (most recent call last):
  File "C:\Users\debas\AppData\Local\Programs\Python\Python312\Lib\site-packages\azure\iot\device\common\mqtt_transport.py", line 223, in on_disconnect
    this.on_mqtt_disconnected_handler(cause)
  File "C:\Users\debas\AppData\Local\Programs\Python\Python312\Lib\site-packages\azure\iot\device\common\pipeline\pipeline_thread.py", line 130, in wrapper
    future = _get_named_executor(thread_name).submit(thread_proc)
             ^^^^^^^^^^^^^^^^^^^^^^^^^^^^^^^^^^^^^^^^^^^^^^^^^^^^
  File "C:\Users\debas\AppData\Local\Programs\Python\Python312\Lib\concurrent\futures\thread.py", line 172, in submit
    raise RuntimeError('cannot schedule new futures after '
RuntimeError: cannot schedule new futures after interpreter shutdown

2025-09-19 02:10:27,073 - WARNING - Traceback (most recent call last):
  File "C:\Users\debas\AppData\Local\Programs\Python\Python312\Lib\site-packages\azure\iot\device\common\mqtt_transport.py", line 195, in on_connect
    this.on_mqtt_connected_handler()
  File "C:\Users\debas\AppData\Local\Programs\Python\Python312\Lib\site-packages\azure\iot\device\common\pipeline\pipeline_thread.py", line 130, in wrapper
    future = _get_named_executor(thread_name).submit(thread_proc)
             ^^^^^^^^^^^^^^^^^^^^^^^^^^^^^^^^^^^^^^^^^^^^^^^^^^^^
  File "C:\Users\debas\AppData\Local\Programs\Python\Python312\Lib\concurrent\futures\thread.py", line 172, in submit
    raise RuntimeError('cannot schedule new futures after '
RuntimeError: cannot schedule new futures after interpreter shutdown

2025-09-19 02:10:27,169 - INFO - payload published for 5
2025-09-19 02:10:27,174 - INFO - payload published for 5
2025-09-19 02:10:27,175 - INFO - payload published for 5
2025-09-19 02:10:27,175 - INFO - payload published for 5
2025-09-19 02:10:27,179 - INFO - payload published for 5
2025-09-19 02:10:27,180 - INFO - payload published for 5
2025-09-19 02:10:27,182 - INFO - payload published for 5
2025-09-19 02:10:27,186 - INFO - payload published for 5
2025-09-19 02:10:27,194 - INFO - payload published for 5
2025-09-19 02:10:27,618 - INFO - disconnecting MQTT client
2025-09-19 02:10:27,620 - INFO - transport.disconnect raised error while disconnecting
2025-09-19 02:10:27,628 - INFO - Traceback (most recent call last):
  File "C:\Users\debas\AppData\Local\Programs\Python\Python312\Lib\site-packages\azure\iot\device\common\pipeline\pipeline_stages_mqtt.py", line 226, in _run_op
    self.transport.disconnect(clear_inflight=op.hard)
  File "C:\Users\debas\AppData\Local\Programs\Python\Python312\Lib\site-packages\azure\iot\device\common\mqtt_transport.py", line 459, in disconnect
    raise err
azure.iot.device.common.transport_exceptions.NoConnectionError: The client is not currently connected.

2025-09-19 02:10:27,630 - WARNING - Unhandled error while triggering callback for DisconnectOperation
2025-09-19 02:10:27,632 - WARNING - Unexpected error in <azure.iot.device.common.pipeline.pipeline_stages_mqtt.MQTTTransportStage object at 0x000001B0E9FFD580>._run_op() call
2025-09-19 02:10:27,652 - WARNING - Traceback (most recent call last):
  File "C:\Users\debas\AppData\Local\Programs\Python\Python312\Lib\site-packages\azure\iot\device\common\pipeline\pipeline_stages_mqtt.py", line 226, in _run_op
    self.transport.disconnect(clear_inflight=op.hard)
  File "C:\Users\debas\AppData\Local\Programs\Python\Python312\Lib\site-packages\azure\iot\device\common\mqtt_transport.py", line 459, in disconnect
    raise err
azure.iot.device.common.transport_exceptions.NoConnectionError: The client is not currently connected.

During handling of the above exception, another exception occurred:

Traceback (most recent call last):
  File "C:\Users\debas\AppData\Local\Programs\Python\Python312\Lib\site-packages\azure\iot\device\common\pipeline\pipeline_ops_base.py", line 138, in complete
    callback(op=self, error=error)
  File "C:\Users\debas\AppData\Local\Programs\Python\Python312\Lib\site-packages\azure\iot\device\common\pipeline\pipeline_thread.py", line 130, in wrapper
    future = _get_named_executor(thread_name).submit(thread_proc)
             ^^^^^^^^^^^^^^^^^^^^^^^^^^^^^^^^^^^^^^^^^^^^^^^^^^^^
  File "C:\Users\debas\AppData\Local\Programs\Python\Python312\Lib\concurrent\futures\thread.py", line 170, in submit
    raise RuntimeError('cannot schedule new futures after shutdown')
RuntimeError: cannot schedule new futures after shutdown

The above exception was the direct cause of the following exception:

Traceback (most recent call last):
  File "C:\Users\debas\AppData\Local\Programs\Python\Python312\Lib\site-packages\azure\iot\device\common\pipeline\pipeline_stages_base.py", line 99, in run_op
    self._run_op(op)
  File "C:\Users\debas\AppData\Local\Programs\Python\Python312\Lib\site-packages\azure\iot\device\common\pipeline\pipeline_thread.py", line 192, in wrapper
    return func(*args, **kwargs)
           ^^^^^^^^^^^^^^^^^^^^^
  File "C:\Users\debas\AppData\Local\Programs\Python\Python312\Lib\site-packages\azure\iot\device\common\pipeline\pipeline_stages_mqtt.py", line 231, in _run_op
    op.complete(error=e)
  File "C:\Users\debas\AppData\Local\Programs\Python\Python312\Lib\site-packages\azure\iot\device\common\pipeline\pipeline_thread.py", line 192, in wrapper
    return func(*args, **kwargs)
           ^^^^^^^^^^^^^^^^^^^^^
  File "C:\Users\debas\AppData\Local\Programs\Python\Python312\Lib\site-packages\azure\iot\device\common\pipeline\pipeline_ops_base.py", line 144, in complete
    raise pipeline_exceptions.OperationError(
azure.iot.device.common.pipeline.pipeline_exceptions.OperationError: Exception occurred while triggering completion callback

2025-09-19 02:15:06,977 - INFO - Loaded 10 devices
2025-09-19 02:16:06,382 - INFO - 1 change detected
2025-09-19 02:16:06,520 - INFO - Application shutdown complete
2025-09-19 02:16:07,009 - INFO - 1 change detected
2025-09-19 02:16:07,471 - INFO - 1 change detected
2025-09-19 02:16:15,760 - INFO - 1 change detected
2025-09-19 02:16:16,491 - INFO - 1 change detected
2025-09-19 02:16:34,700 - INFO - 1 change detected
2025-09-19 02:17:06,999 - INFO - 1 change detected
2025-09-19 02:17:39,887 - INFO - 1 change detected
2025-09-19 02:18:02,101 - INFO - 1 change detected
2025-09-19 02:19:09,485 - INFO - 1 change detected
2025-09-19 02:19:43,564 - INFO - 1 change detected
2025-09-19 02:21:04,746 - INFO - Loaded 10 devices
2025-09-19 02:21:04,806 - INFO - 5 changes detected
2025-09-19 02:21:12,884 - INFO - API Request - IP: 127.0.0.1 | Endpoint: /api/devices | Method: GET | Details: Fetching all devices
2025-09-19 02:21:14,500 - INFO - API Request - IP: 127.0.0.1 | Endpoint: /api/devices | Method: GET | Details: Fetching all devices
2025-09-19 02:21:20,966 - INFO - API Request - IP: 127.0.0.1 | Endpoint: /api/devices/connect | Method: POST | Details: Connecting devices: ['med-ecg-001']
2025-09-19 02:21:21,036 - INFO - Creating client for connecting using MQTT over TCP
2025-09-19 02:21:21,144 - INFO - Connecting to Hub...
2025-09-19 02:21:21,153 - INFO - Connect using port 8883 (TCP)
2025-09-19 02:21:22,407 - INFO - connected with result code: 0
2025-09-19 02:21:22,410 - INFO - _on_mqtt_connected called
2025-09-19 02:21:22,414 - INFO - Connection State - Connected
2025-09-19 02:21:22,419 - INFO - Successfully connected to Hub
2025-09-19 02:21:22,472 - INFO - API Request - IP: 127.0.0.1 | Endpoint: /api/devices | Method: GET | Details: Fetching all devices
2025-09-19 02:21:34,094 - INFO - API Request - IP: 127.0.0.1 | Endpoint: /api/messages/send | Method: POST | Details: Sending normal message to med-ecg-001
2025-09-19 02:21:34,095 - INFO - Sending message to Hub...
2025-09-19 02:21:34,096 - INFO - publishing on devices/med-ecg-001/messages/events/%24.ct=application%2Fjson&%24.ce=utf-8&messageType=normal&priority=normal&userIP=127.0.0.1
2025-09-19 02:21:34,468 - INFO - payload published for 1
2025-09-19 02:21:34,474 - INFO - Successfully sent message to Hub
2025-09-19 02:21:37,533 - INFO - API Request - IP: 127.0.0.1 | Endpoint: /api/messages/send | Method: POST | Details: Sending status message to med-ecg-001
2025-09-19 02:21:37,534 - INFO - Sending message to Hub...
2025-09-19 02:21:37,535 - INFO - publishing on devices/med-ecg-001/messages/events/%24.ct=application%2Fjson&%24.ce=utf-8&messageType=status&priority=normal&userIP=127.0.0.1
2025-09-19 02:21:37,908 - INFO - payload published for 2
2025-09-19 02:21:37,910 - INFO - Successfully sent message to Hub
2025-09-19 02:21:39,415 - INFO - API Request - IP: 127.0.0.1 | Endpoint: /api/devices/med-ecg-001/status | Method: POST | Details: Checking all status
2025-09-19 02:22:05,980 - INFO - API Request - IP: 127.0.0.1 | Endpoint: /api/messages/send | Method: POST | Details: Sending status message to med-ultrasound-010
2025-09-19 02:22:06,020 - INFO - Creating client for connecting using MQTT over TCP
2025-09-19 02:22:06,049 - INFO - Connecting to Hub...
2025-09-19 02:22:06,050 - INFO - Connect using port 8883 (TCP)
2025-09-19 02:22:07,160 - INFO - connected with result code: 0
2025-09-19 02:22:07,162 - INFO - _on_mqtt_connected called
2025-09-19 02:22:07,167 - INFO - Connection State - Connected
2025-09-19 02:22:07,170 - INFO - Successfully connected to Hub
2025-09-19 02:22:07,173 - INFO - Sending message to Hub...
2025-09-19 02:22:07,178 - INFO - publishing on devices/med-ultrasound-010/messages/events/%24.ct=application%2Fjson&%24.ce=utf-8&messageType=status&priority=normal&userIP=127.0.0.1
2025-09-19 02:22:09,357 - INFO - payload published for 1
2025-09-19 02:22:09,359 - INFO - Successfully sent message to Hub
2025-09-19 02:22:09,614 - INFO - API Request - IP: 127.0.0.1 | Endpoint: /api/devices/med-ultrasound-010/status | Method: POST | Details: Checking all status
2025-09-19 02:22:17,055 - INFO - API Request - IP: 127.0.0.1 | Endpoint: /api/messages/send | Method: POST | Details: Sending normal message to med-eeg-009
2025-09-19 02:22:17,108 - INFO - Creating client for connecting using MQTT over TCP
2025-09-19 02:22:17,145 - INFO - Connecting to Hub...
2025-09-19 02:22:17,147 - INFO - Connect using port 8883 (TCP)
2025-09-19 02:22:18,302 - INFO - connected with result code: 0
2025-09-19 02:22:18,308 - INFO - _on_mqtt_connected called
2025-09-19 02:22:18,314 - INFO - Connection State - Connected
2025-09-19 02:22:18,318 - INFO - Successfully connected to Hub
2025-09-19 02:22:18,323 - INFO - Sending message to Hub...
2025-09-19 02:22:18,327 - INFO - publishing on devices/med-eeg-009/messages/events/%24.ct=application%2Fjson&%24.ce=utf-8&messageType=normal&priority=normal&userIP=127.0.0.1
2025-09-19 02:22:18,706 - INFO - payload published for 1
2025-09-19 02:22:18,710 - INFO - Successfully sent message to Hub
2025-09-19 02:22:38,852 - INFO - Disconnecting from Hub...
2025-09-19 02:22:38,853 - INFO - disconnecting MQTT client
2025-09-19 02:22:38,856 - INFO - disconnected with result code: 0
2025-09-19 02:22:38,858 - INFO - MQTTTransportStage: _on_mqtt_disconnect called
2025-09-19 02:22:38,860 - INFO - Connection State - Disconnected
2025-09-19 02:22:38,861 - INFO - Cleared all pending method requests due to disconnect
2025-09-19 02:22:38,863 - INFO - Successfully disconnected from Hub
2025-09-19 02:22:38,864 - INFO - Disconnecting from Hub...
2025-09-19 02:22:38,865 - INFO - disconnecting MQTT client
2025-09-19 02:22:38,865 - INFO - disconnected with result code: 0
2025-09-19 02:22:38,867 - INFO - MQTTTransportStage: _on_mqtt_disconnect called
2025-09-19 02:22:38,869 - INFO - Connection State - Disconnected
2025-09-19 02:22:38,871 - INFO - Cleared all pending method requests due to disconnect
2025-09-19 02:22:38,874 - INFO - Successfully disconnected from Hub
2025-09-19 02:22:38,876 - INFO - Disconnecting from Hub...
2025-09-19 02:22:38,877 - INFO - disconnecting MQTT client
2025-09-19 02:22:38,880 - INFO - disconnected with result code: 0
2025-09-19 02:22:38,884 - INFO - MQTTTransportStage: _on_mqtt_disconnect called
2025-09-19 02:22:38,887 - INFO - Connection State - Disconnected
2025-09-19 02:22:38,888 - INFO - Cleared all pending method requests due to disconnect
2025-09-19 02:22:38,892 - INFO - Successfully disconnected from Hub
2025-09-19 02:22:38,894 - INFO - Application shutdown complete
2025-09-19 02:26:07,680 - INFO - Loaded 10 devices
2025-09-19 02:26:14,927 - INFO - API Request - IP: 127.0.0.1 | Endpoint: /api/devices | Method: GET | Details: Fetching all devices
2025-09-19 02:26:16,895 - INFO - API Request - IP: 127.0.0.1 | Endpoint: /api/devices | Method: GET | Details: Fetching all devices
2025-09-19 02:26:38,668 - INFO - API Request - IP: 127.0.0.1 | Endpoint: /api/devices/connect | Method: POST | Details: Connecting devices: ['med-ecg-001']
2025-09-19 02:26:38,796 - INFO - Creating client for connecting using MQTT over TCP
2025-09-19 02:26:38,891 - INFO - Connecting to Hub...
2025-09-19 02:26:38,892 - INFO - Connect using port 8883 (TCP)
2025-09-19 02:26:40,122 - INFO - connected with result code: 0
2025-09-19 02:26:40,125 - INFO - _on_mqtt_connected called
2025-09-19 02:26:40,128 - INFO - Connection State - Connected
2025-09-19 02:26:40,132 - INFO - Successfully connected to Hub
2025-09-19 02:26:40,231 - INFO - API Request - IP: 127.0.0.1 | Endpoint: /api/devices | Method: GET | Details: Fetching all devices
2025-09-19 02:26:51,072 - INFO - 1 change detected
2025-09-19 02:26:51,294 - INFO - Disconnecting from Hub...
2025-09-19 02:26:51,295 - INFO - disconnecting MQTT client
2025-09-19 02:26:51,297 - INFO - disconnected with result code: 0
2025-09-19 02:26:51,298 - INFO - MQTTTransportStage: _on_mqtt_disconnect called
2025-09-19 02:26:51,300 - INFO - Connection State - Disconnected
2025-09-19 02:26:51,303 - INFO - Cleared all pending method requests due to disconnect
2025-09-19 02:26:51,309 - INFO - Successfully disconnected from Hub
2025-09-19 02:26:51,310 - INFO - Application shutdown complete
2025-09-19 02:26:51,908 - INFO - 2 changes detected
2025-09-19 02:26:52,756 - INFO - Loaded 10 devices
2025-09-19 02:26:52,797 - INFO - 1 change detected
2025-09-19 02:26:57,394 - INFO - API Request - IP: 127.0.0.1 | Endpoint: /api/messages/send | Method: POST | Details: Sending patch message to med-ecg-001
2025-09-19 02:26:57,423 - INFO - Creating client for connecting using MQTT over TCP
2025-09-19 02:26:57,457 - INFO - Connecting to Hub...
2025-09-19 02:26:57,461 - INFO - Connect using port 8883 (TCP)
2025-09-19 02:26:58,592 - INFO - connected with result code: 0
2025-09-19 02:26:58,593 - INFO - _on_mqtt_connected called
2025-09-19 02:26:58,594 - INFO - Connection State - Connected
2025-09-19 02:26:58,595 - INFO - Successfully connected to Hub
2025-09-19 02:26:58,596 - INFO - Sending message to Hub...
2025-09-19 02:26:58,597 - INFO - publishing on devices/med-ecg-001/messages/events/%24.ct=application%2Fjson&%24.ce=utf-8&messageType=patch&priority=high&userIP=127.0.0.1
2025-09-19 02:26:58,964 - INFO - payload published for 1
2025-09-19 02:26:58,964 - INFO - Successfully sent message to Hub
2025-09-19 02:27:35,468 - INFO - Disconnecting from Hub...
2025-09-19 02:27:35,472 - INFO - disconnecting MQTT client
2025-09-19 02:27:35,476 - INFO - disconnected with result code: 0
2025-09-19 02:27:35,479 - INFO - MQTTTransportStage: _on_mqtt_disconnect called
2025-09-19 02:27:35,484 - INFO - Connection State - Disconnected
2025-09-19 02:27:35,486 - INFO - Cleared all pending method requests due to disconnect
2025-09-19 02:27:35,496 - INFO - Successfully disconnected from Hub
2025-09-19 02:27:35,499 - INFO - Application shutdown complete
2025-09-19 02:29:32,530 - INFO - Loaded 10 devices
2025-09-19 02:29:36,678 - INFO - API Request - IP: 127.0.0.1 | Endpoint: /api/devices | Method: GET | Details: Fetching all devices
2025-09-19 02:29:39,060 - INFO - API Request - IP: 127.0.0.1 | Endpoint: /api/devices | Method: GET | Details: Fetching all devices
2025-09-19 02:30:08,135 - INFO - API Request - IP: 127.0.0.1 | Endpoint: /api/messages/send | Method: POST | Details: Sending code message to med-ecg-001
2025-09-19 02:30:08,219 - INFO - Creating client for connecting using MQTT over TCP
2025-09-19 02:30:08,331 - INFO - Connecting to Hub...
2025-09-19 02:30:08,340 - INFO - Connect using port 8883 (TCP)
2025-09-19 02:30:09,494 - INFO - connected with result code: 0
2025-09-19 02:30:09,497 - INFO - _on_mqtt_connected called
2025-09-19 02:30:09,500 - INFO - Connection State - Connected
2025-09-19 02:30:09,504 - INFO - Successfully connected to Hub
2025-09-19 02:30:09,508 - INFO - Sending message to Hub...
2025-09-19 02:30:09,511 - INFO - publishing on devices/med-ecg-001/messages/events/%24.ct=application%2Fjson&%24.ce=utf-8&messageType=code&priority=normal&userIP=127.0.0.1
2025-09-19 02:30:09,887 - INFO - payload published for 1
2025-09-19 02:30:09,888 - INFO - Successfully sent message to Hub
2025-09-19 02:30:19,666 - INFO - 1 change detected
2025-09-19 02:30:19,783 - INFO - Disconnecting from Hub...
2025-09-19 02:30:19,787 - INFO - disconnecting MQTT client
2025-09-19 02:30:19,789 - INFO - disconnected with result code: 0
2025-09-19 02:30:19,791 - INFO - MQTTTransportStage: _on_mqtt_disconnect called
2025-09-19 02:30:19,794 - INFO - Connection State - Disconnected
2025-09-19 02:30:19,795 - INFO - Cleared all pending method requests due to disconnect
2025-09-19 02:30:19,799 - INFO - Successfully disconnected from Hub
2025-09-19 02:30:19,802 - INFO - Application shutdown complete
2025-09-19 02:30:20,777 - INFO - 1 change detected
2025-09-19 02:30:21,322 - INFO - Loaded 10 devices
2025-09-19 02:30:21,341 - INFO - 1 change detected
2025-09-19 02:30:23,830 - INFO - API Request - IP: 127.0.0.1 | Endpoint: /api/messages/send | Method: POST | Details: Sending code message to med-ecg-001
2025-09-19 02:30:23,854 - INFO - Creating client for connecting using MQTT over TCP
2025-09-19 02:30:23,871 - INFO - Connecting to Hub...
2025-09-19 02:30:23,873 - INFO - Connect using port 8883 (TCP)
2025-09-19 02:30:24,975 - INFO - connected with result code: 0
2025-09-19 02:30:24,977 - INFO - _on_mqtt_connected called
2025-09-19 02:30:24,979 - INFO - Connection State - Connected
2025-09-19 02:30:24,984 - INFO - Successfully connected to Hub
2025-09-19 02:30:24,986 - INFO - Sending message to Hub...
2025-09-19 02:30:24,988 - INFO - publishing on devices/med-ecg-001/messages/events/%24.ct=application%2Fjson&%24.ce=utf-8&messageType=code&priority=normal&userIP=127.0.0.1
2025-09-19 02:30:25,350 - INFO - payload published for 1
2025-09-19 02:30:25,353 - INFO - Successfully sent message to Hub
2025-09-19 02:30:33,627 - INFO - API Request - IP: 127.0.0.1 | Endpoint: /api/messages/send | Method: POST | Details: Sending patch message to med-ecg-001
2025-09-19 02:30:33,628 - INFO - Sending message to Hub...
2025-09-19 02:30:33,630 - INFO - publishing on devices/med-ecg-001/messages/events/%24.ct=application%2Fjson&%24.ce=utf-8&messageType=patch&priority=high&userIP=127.0.0.1
2025-09-19 02:30:33,993 - INFO - payload published for 2
2025-09-19 02:30:33,998 - INFO - Successfully sent message to Hub
2025-09-19 02:31:54,017 - INFO - Disconnecting from Hub...
2025-09-19 02:31:54,018 - INFO - disconnecting MQTT client
2025-09-19 02:31:54,019 - INFO - disconnected with result code: 0
2025-09-19 02:31:54,020 - INFO - MQTTTransportStage: _on_mqtt_disconnect called
2025-09-19 02:31:54,021 - INFO - Connection State - Disconnected
2025-09-19 02:31:54,021 - INFO - Cleared all pending method requests due to disconnect
2025-09-19 02:31:54,022 - INFO - Successfully disconnected from Hub
2025-09-19 02:31:54,023 - INFO - Application shutdown complete
2025-09-19 02:32:04,329 - INFO - Loaded 10 devices
2025-09-19 10:17:33,028 - INFO - Application shutdown complete
2025-09-19 10:58:02,107 - INFO - Loaded 10 devices
2025-09-19 10:58:20,138 - INFO - API Request - IP: 127.0.0.1 | Endpoint: /api/devices | Method: GET | Details: Fetching all devices
2025-09-19 10:58:22,603 - INFO - API Request - IP: 127.0.0.1 | Endpoint: /api/devices/connect | Method: POST | Details: Connecting devices: ['med-ecg-001', 'med-infusionpump-002', 'med-pulseoximeter-003', 'med-ventilator-004', 'med-bloodpressuremonitor-005', 'med-glucometer-006', 'med-thermometer-007', 'med-defibrillator-008', 'med-eeg-009', 'med-ultrasound-010']
2025-09-19 10:58:22,739 - INFO - Creating client for connecting using MQTT over TCP
2025-09-19 10:58:22,867 - INFO - Connecting to Hub...
2025-09-19 10:58:22,869 - INFO - Connect using port 8883 (TCP)
2025-09-19 10:58:24,068 - INFO - connected with result code: 0
2025-09-19 10:58:24,072 - INFO - _on_mqtt_connected called
2025-09-19 10:58:24,077 - INFO - Connection State - Connected
2025-09-19 10:58:24,081 - INFO - Successfully connected to Hub
2025-09-19 10:58:24,207 - INFO - Creating client for connecting using MQTT over TCP
2025-09-19 10:58:24,290 - INFO - Connecting to Hub...
2025-09-19 10:58:24,292 - INFO - Connect using port 8883 (TCP)
2025-09-19 10:58:25,384 - INFO - connected with result code: 0
2025-09-19 10:58:25,385 - INFO - _on_mqtt_connected called
2025-09-19 10:58:25,386 - INFO - Connection State - Connected
2025-09-19 10:58:25,387 - INFO - Successfully connected to Hub
2025-09-19 10:58:25,458 - INFO - Creating client for connecting using MQTT over TCP
2025-09-19 10:58:25,594 - INFO - Connecting to Hub...
2025-09-19 10:58:25,601 - INFO - Connect using port 8883 (TCP)
2025-09-19 10:58:26,766 - INFO - connected with result code: 0
2025-09-19 10:58:26,767 - INFO - _on_mqtt_connected called
2025-09-19 10:58:26,769 - INFO - Connection State - Connected
2025-09-19 10:58:26,771 - INFO - Successfully connected to Hub
2025-09-19 10:58:26,827 - INFO - Creating client for connecting using MQTT over TCP
2025-09-19 10:58:26,852 - INFO - Connecting to Hub...
2025-09-19 10:58:26,853 - INFO - Connect using port 8883 (TCP)
2025-09-19 10:58:28,022 - INFO - connected with result code: 0
2025-09-19 10:58:28,025 - INFO - _on_mqtt_connected called
2025-09-19 10:58:28,029 - INFO - Connection State - Connected
2025-09-19 10:58:28,033 - INFO - Successfully connected to Hub
2025-09-19 10:58:28,150 - INFO - Creating client for connecting using MQTT over TCP
2025-09-19 10:58:28,266 - INFO - Connecting to Hub...
2025-09-19 10:58:28,267 - INFO - Connect using port 8883 (TCP)
2025-09-19 10:58:29,400 - INFO - connected with result code: 0
2025-09-19 10:58:29,406 - INFO - _on_mqtt_connected called
2025-09-19 10:58:29,412 - INFO - Connection State - Connected
2025-09-19 10:58:29,416 - INFO - Successfully connected to Hub
2025-09-19 10:58:29,586 - INFO - Creating client for connecting using MQTT over TCP
2025-09-19 10:58:29,695 - INFO - Connecting to Hub...
2025-09-19 10:58:29,696 - INFO - Connect using port 8883 (TCP)
2025-09-19 10:58:30,832 - INFO - connected with result code: 0
2025-09-19 10:58:30,833 - INFO - _on_mqtt_connected called
2025-09-19 10:58:30,835 - INFO - Connection State - Connected
2025-09-19 10:58:30,840 - INFO - Successfully connected to Hub
2025-09-19 10:58:30,966 - INFO - Creating client for connecting using MQTT over TCP
2025-09-19 10:58:31,001 - INFO - Connecting to Hub...
2025-09-19 10:58:31,002 - INFO - Connect using port 8883 (TCP)
2025-09-19 10:58:32,118 - INFO - connected with result code: 0
2025-09-19 10:58:32,122 - INFO - _on_mqtt_connected called
2025-09-19 10:58:32,126 - INFO - Connection State - Connected
2025-09-19 10:58:32,129 - INFO - Successfully connected to Hub
2025-09-19 10:58:32,263 - INFO - Creating client for connecting using MQTT over TCP
2025-09-19 10:58:32,347 - INFO - Connecting to Hub...
2025-09-19 10:58:32,353 - INFO - Connect using port 8883 (TCP)
2025-09-19 10:58:33,477 - INFO - connected with result code: 0
2025-09-19 10:58:33,480 - INFO - _on_mqtt_connected called
2025-09-19 10:58:33,484 - INFO - Connection State - Connected
2025-09-19 10:58:33,487 - INFO - Successfully connected to Hub
2025-09-19 10:58:33,601 - INFO - Creating client for connecting using MQTT over TCP
2025-09-19 10:58:33,773 - INFO - Connecting to Hub...
2025-09-19 10:58:33,781 - INFO - Connect using port 8883 (TCP)
2025-09-19 10:58:34,905 - INFO - connected with result code: 0
2025-09-19 10:58:34,908 - INFO - _on_mqtt_connected called
2025-09-19 10:58:34,913 - INFO - Connection State - Connected
2025-09-19 10:58:34,920 - INFO - Successfully connected to Hub
2025-09-19 10:58:34,987 - INFO - Creating client for connecting using MQTT over TCP
2025-09-19 10:58:35,033 - INFO - Connecting to Hub...
2025-09-19 10:58:35,034 - INFO - Connect using port 8883 (TCP)
2025-09-19 10:58:36,200 - INFO - connected with result code: 0
2025-09-19 10:58:36,211 - INFO - _on_mqtt_connected called
2025-09-19 10:58:36,214 - INFO - Connection State - Connected
2025-09-19 10:58:36,218 - INFO - Successfully connected to Hub
2025-09-19 10:58:36,277 - INFO - API Request - IP: 127.0.0.1 | Endpoint: /api/devices | Method: GET | Details: Fetching all devices
2025-09-19 10:58:46,215 - INFO - API Request - IP: 127.0.0.1 | Endpoint: /api/devices | Method: GET | Details: Fetching all devices
2025-09-19 10:58:59,712 - INFO - API Request - IP: 127.0.0.1 | Endpoint: /api/telemetry/continuous | Method: POST | Details: Starting continuous telemetry - Interval: 10.0s, Duration: 60.0s
2025-09-19 10:58:59,801 - INFO - Creating client for connecting using MQTT over TCP
2025-09-19 10:58:59,988 - INFO - Connecting to Hub...
2025-09-19 10:58:59,994 - INFO - Connect using port 8883 (TCP)
2025-09-19 10:59:01,103 - INFO - disconnected with result code: 7
2025-09-19 10:59:01,104 - INFO - connected with result code: 0
2025-09-19 10:59:01,114 - INFO - _on_mqtt_connected called
2025-09-19 10:59:01,118 - INFO - Connection State - Connected
2025-09-19 10:59:01,123 - INFO - Successfully connected to Hub
2025-09-19 10:59:01,249 - INFO - Creating client for connecting using MQTT over TCP
2025-09-19 10:59:01,271 - INFO - Forcing paho disconnect to prevent it from automatically reconnecting
2025-09-19 10:59:01,271 - INFO - MQTTTransportStage: _on_mqtt_disconnect called: The connection was lost.
2025-09-19 10:59:01,273 - INFO - MQTTTransportStage: Unexpected disconnect (no pending connection op)
2025-09-19 10:59:01,273 - INFO - Connection State - Disconnected
2025-09-19 10:59:01,273 - INFO - Connecting to Hub...
2025-09-19 10:59:01,274 - INFO - Cleared all pending method requests due to disconnect
2025-09-19 10:59:01,274 - WARNING - Exception caught in background thread.  Unable to handle.
2025-09-19 10:59:01,276 - WARNING - ['azure.iot.device.common.transport_exceptions.ConnectionDroppedError: Unexpected disconnection\n']
2025-09-19 10:59:01,276 - INFO - Connect using port 8883 (TCP)
2025-09-19 10:59:02,103 - INFO - Connect using port 8883 (TCP)
2025-09-19 10:59:02,357 - INFO - connected with result code: 0
2025-09-19 10:59:02,368 - INFO - disconnected with result code: 7
2025-09-19 10:59:02,372 - INFO - Forcing paho disconnect to prevent it from automatically reconnecting
2025-09-19 10:59:02,964 - INFO - _on_mqtt_connected called
2025-09-19 10:59:02,967 - INFO - MQTTTransportStage: _on_mqtt_disconnect called: The connection was lost.
2025-09-19 10:59:02,967 - INFO - Connection State - Connected
2025-09-19 10:59:02,975 - INFO - MQTTTransportStage: Unexpected disconnect (no pending connection op)
2025-09-19 10:59:02,976 - INFO - Connection State - Disconnected
2025-09-19 10:59:02,977 - INFO - Successfully connected to Hub
2025-09-19 10:59:02,980 - INFO - Cleared all pending method requests due to disconnect
2025-09-19 10:59:02,981 - WARNING - Exception caught in background thread.  Unable to handle.
2025-09-19 10:59:02,984 - WARNING - ['azure.iot.device.common.transport_exceptions.ConnectionDroppedError: Unexpected disconnection\n']
2025-09-19 10:59:03,050 - INFO - Connect using port 8883 (TCP)
2025-09-19 10:59:03,225 - INFO - connected with result code: 0
2025-09-19 10:59:03,236 - INFO - disconnected with result code: 7
2025-09-19 10:59:03,240 - INFO - Forcing paho disconnect to prevent it from automatically reconnecting
2025-09-19 10:59:03,898 - INFO - Creating client for connecting using MQTT over TCP
2025-09-19 10:59:03,942 - INFO - _on_mqtt_connected called
2025-09-19 10:59:03,943 - INFO - MQTTTransportStage: _on_mqtt_disconnect called: The connection was lost.
2025-09-19 10:59:03,943 - INFO - Connecting to Hub...
2025-09-19 10:59:03,943 - INFO - Connection State - Connected
2025-09-19 10:59:03,944 - INFO - MQTTTransportStage: Unexpected disconnect (no pending connection op)
2025-09-19 10:59:03,944 - INFO - Connection State - Disconnected
2025-09-19 10:59:03,944 - INFO - Connect using port 8883 (TCP)
2025-09-19 10:59:03,944 - INFO - Cleared all pending method requests due to disconnect
2025-09-19 10:59:03,945 - WARNING - Exception caught in background thread.  Unable to handle.
2025-09-19 10:59:03,945 - WARNING - ['azure.iot.device.common.transport_exceptions.ConnectionDroppedError: Unexpected disconnection\n']
2025-09-19 10:59:04,160 - INFO - disconnected with result code: 7
2025-09-19 10:59:04,161 - INFO - Forcing paho disconnect to prevent it from automatically reconnecting
2025-09-19 10:59:04,165 - INFO - connected with result code: 0
2025-09-19 10:59:04,737 - INFO - Connect using port 8883 (TCP)
2025-09-19 10:59:04,995 - INFO - connected with result code: 0
2025-09-19 10:59:05,005 - INFO - disconnected with result code: 7
2025-09-19 10:59:05,005 - INFO - Forcing paho disconnect to prevent it from automatically reconnecting
2025-09-19 10:59:05,567 - INFO - MQTTTransportStage: _on_mqtt_disconnect called: The connection was lost.
2025-09-19 10:59:05,577 - INFO - MQTTTransportStage: Unexpected disconnect (no pending connection op)
2025-09-19 10:59:05,577 - INFO - Connection State - Disconnected
2025-09-19 10:59:05,580 - INFO - _on_mqtt_connected called
2025-09-19 10:59:05,581 - INFO - Cleared all pending method requests due to disconnect
2025-09-19 10:59:05,581 - INFO - _on_mqtt_connected called
2025-09-19 10:59:05,581 - WARNING - Exception caught in background thread.  Unable to handle.
2025-09-19 10:59:05,586 - WARNING - ['azure.iot.device.common.transport_exceptions.ConnectionDroppedError: Unexpected disconnection\n']
2025-09-19 10:59:05,589 - INFO - MQTTTransportStage: _on_mqtt_disconnect called: The connection was lost.
2025-09-19 10:59:05,593 - INFO - Connection State - Connected
2025-09-19 10:59:05,597 - INFO - MQTTTransportStage: Unexpected disconnect (no pending connection op)
2025-09-19 10:59:05,598 - INFO - Connection State - Connected
2025-09-19 10:59:05,601 - INFO - Connect using port 8883 (TCP)
2025-09-19 10:59:05,602 - INFO - Connection State - Disconnected
2025-09-19 10:59:05,602 - INFO - Successfully connected to Hub
2025-09-19 10:59:05,604 - INFO - Cleared all pending method requests due to disconnect
2025-09-19 10:59:05,606 - WARNING - Exception caught in background thread.  Unable to handle.
2025-09-19 10:59:05,607 - WARNING - ['azure.iot.device.common.transport_exceptions.ConnectionDroppedError: Unexpected disconnection\n']
2025-09-19 10:59:05,828 - INFO - connected with result code: 0
2025-09-19 10:59:05,828 - INFO - disconnected with result code: 7
2025-09-19 10:59:05,831 - INFO - Forcing paho disconnect to prevent it from automatically reconnecting
2025-09-19 10:59:06,596 - INFO - Connect using port 8883 (TCP)
2025-09-19 10:59:06,697 - INFO - connected with result code: 0
2025-09-19 10:59:06,701 - INFO - disconnected with result code: 7
2025-09-19 10:59:06,704 - INFO - Forcing paho disconnect to prevent it from automatically reconnecting
2025-09-19 10:59:07,424 - INFO - _on_mqtt_connected called
2025-09-19 10:59:07,426 - INFO - MQTTTransportStage: _on_mqtt_disconnect called: The connection was lost.
2025-09-19 10:59:07,426 - INFO - Connection State - Connected
2025-09-19 10:59:07,430 - INFO - MQTTTransportStage: Unexpected disconnect (no pending connection op)
2025-09-19 10:59:07,430 - INFO - Connection State - Disconnected
2025-09-19 10:59:07,434 - INFO - Cleared all pending method requests due to disconnect
2025-09-19 10:59:07,435 - INFO - Creating client for connecting using MQTT over TCP
2025-09-19 10:59:07,436 - WARNING - Exception caught in background thread.  Unable to handle.
2025-09-19 10:59:07,438 - WARNING - ['azure.iot.device.common.transport_exceptions.ConnectionDroppedError: Unexpected disconnection\n']
2025-09-19 10:59:07,469 - INFO - _on_mqtt_connected called
2025-09-19 10:59:07,470 - INFO - MQTTTransportStage: _on_mqtt_disconnect called: The connection was lost.
2025-09-19 10:59:07,471 - INFO - Connection State - Connected
2025-09-19 10:59:07,473 - INFO - MQTTTransportStage: Unexpected disconnect (no pending connection op)
2025-09-19 10:59:07,473 - INFO - Connection State - Disconnected
2025-09-19 10:59:07,474 - INFO - Connect using port 8883 (TCP)
2025-09-19 10:59:07,474 - INFO - Cleared all pending method requests due to disconnect
2025-09-19 10:59:07,474 - INFO - Connecting to Hub...
2025-09-19 10:59:07,475 - WARNING - Exception caught in background thread.  Unable to handle.
2025-09-19 10:59:07,475 - WARNING - ['azure.iot.device.common.transport_exceptions.ConnectionDroppedError: Unexpected disconnection\n']
2025-09-19 10:59:07,477 - INFO - API Request - IP: 127.0.0.1 | Endpoint: /api/devices | Method: GET | Details: Fetching all devices
2025-09-19 10:59:07,687 - INFO - connected with result code: 0
2025-09-19 10:59:07,690 - INFO - disconnected with result code: 7
2025-09-19 10:59:07,697 - INFO - Forcing paho disconnect to prevent it from automatically reconnecting
2025-09-19 10:59:08,329 - INFO - Connect using port 8883 (TCP)
2025-09-19 10:59:08,595 - INFO - connected with result code: 0
2025-09-19 10:59:08,597 - INFO - disconnected with result code: 7
2025-09-19 10:59:08,600 - INFO - Forcing paho disconnect to prevent it from automatically reconnecting
2025-09-19 10:59:09,177 - INFO - Connect using port 8883 (TCP)
2025-09-19 10:59:09,435 - INFO - connected with result code: 0
2025-09-19 10:59:09,459 - INFO - disconnected with result code: 7
2025-09-19 10:59:09,463 - INFO - Forcing paho disconnect to prevent it from automatically reconnecting
2025-09-19 10:59:10,019 - INFO - _on_mqtt_connected called
2025-09-19 10:59:10,027 - INFO - MQTTTransportStage: _on_mqtt_disconnect called: The connection was lost.
2025-09-19 10:59:10,028 - INFO - Connection State - Connected
2025-09-19 10:59:10,036 - INFO - MQTTTransportStage: Unexpected disconnect (no pending connection op)
2025-09-19 10:59:10,037 - INFO - Connection State - Disconnected
2025-09-19 10:59:10,040 - INFO - _on_mqtt_connected called
2025-09-19 10:59:10,042 - INFO - Cleared all pending method requests due to disconnect
2025-09-19 10:59:10,046 - INFO - MQTTTransportStage: _on_mqtt_disconnect called: The connection was lost.
2025-09-19 10:59:10,049 - WARNING - Exception caught in background thread.  Unable to handle.
2025-09-19 10:59:10,052 - WARNING - ['azure.iot.device.common.transport_exceptions.ConnectionDroppedError: Unexpected disconnection\n']
2025-09-19 10:59:10,054 - INFO - MQTTTransportStage: Unexpected disconnect (no pending connection op)
2025-09-19 10:59:10,056 - INFO - Connection State - Connected
2025-09-19 10:59:10,058 - INFO - _on_mqtt_connected called
2025-09-19 10:59:10,059 - INFO - Connection State - Disconnected
2025-09-19 10:59:10,061 - INFO - MQTTTransportStage: _on_mqtt_disconnect called: The connection was lost.
2025-09-19 10:59:10,063 - INFO - Cleared all pending method requests due to disconnect
2025-09-19 10:59:10,067 - WARNING - Exception caught in background thread.  Unable to handle.
2025-09-19 10:59:10,069 - INFO - MQTTTransportStage: Unexpected disconnect (no pending connection op)
2025-09-19 10:59:10,071 - WARNING - ['azure.iot.device.common.transport_exceptions.ConnectionDroppedError: Unexpected disconnection\n']
2025-09-19 10:59:10,075 - INFO - Connection State - Connected
2025-09-19 10:59:10,076 - INFO - Connect using port 8883 (TCP)
2025-09-19 10:59:10,079 - INFO - Successfully connected to Hub
2025-09-19 10:59:10,080 - INFO - Connection State - Disconnected
2025-09-19 10:59:10,087 - INFO - Cleared all pending method requests due to disconnect
2025-09-19 10:59:10,088 - WARNING - Exception caught in background thread.  Unable to handle.
2025-09-19 10:59:10,089 - WARNING - ['azure.iot.device.common.transport_exceptions.ConnectionDroppedError: Unexpected disconnection\n']
2025-09-19 10:59:10,284 - INFO - connected with result code: 0
2025-09-19 10:59:10,286 - INFO - disconnected with result code: 7
2025-09-19 10:59:10,288 - INFO - Forcing paho disconnect to prevent it from automatically reconnecting
2025-09-19 10:59:10,947 - INFO - Connect using port 8883 (TCP)
2025-09-19 10:59:11,213 - INFO - disconnected with result code: 7
2025-09-19 10:59:11,214 - INFO - Forcing paho disconnect to prevent it from automatically reconnecting
2025-09-19 10:59:11,217 - INFO - connected with result code: 0
2025-09-19 10:59:11,821 - INFO - Connect using port 8883 (TCP)
2025-09-19 10:59:12,078 - INFO - connected with result code: 0
2025-09-19 10:59:12,084 - INFO - disconnected with result code: 7
2025-09-19 10:59:12,089 - INFO - Forcing paho disconnect to prevent it from automatically reconnecting
2025-09-19 10:59:12,801 - INFO - _on_mqtt_connected called
2025-09-19 10:59:12,803 - INFO - MQTTTransportStage: _on_mqtt_disconnect called: The connection was lost.
2025-09-19 10:59:12,803 - INFO - Connection State - Connected
2025-09-19 10:59:12,806 - INFO - MQTTTransportStage: Unexpected disconnect (no pending connection op)
2025-09-19 10:59:12,806 - INFO - Connection State - Disconnected
2025-09-19 10:59:12,807 - INFO - MQTTTransportStage: _on_mqtt_disconnect called: The connection was lost.
2025-09-19 10:59:12,809 - INFO - Cleared all pending method requests due to disconnect
2025-09-19 10:59:12,812 - WARNING - Exception caught in background thread.  Unable to handle.
2025-09-19 10:59:12,814 - INFO - MQTTTransportStage: Unexpected disconnect (no pending connection op)
2025-09-19 10:59:12,815 - WARNING - ['azure.iot.device.common.transport_exceptions.ConnectionDroppedError: Unexpected disconnection\n']
2025-09-19 10:59:12,818 - INFO - _on_mqtt_connected called
2025-09-19 10:59:12,820 - INFO - Connection State - Disconnected
2025-09-19 10:59:12,824 - INFO - _on_mqtt_connected called
2025-09-19 10:59:12,827 - INFO - Cleared all pending method requests due to disconnect
2025-09-19 10:59:12,829 - INFO - MQTTTransportStage: _on_mqtt_disconnect called: The connection was lost.
2025-09-19 10:59:12,834 - WARNING - Exception caught in background thread.  Unable to handle.
2025-09-19 10:59:12,841 - WARNING - ['azure.iot.device.common.transport_exceptions.ConnectionDroppedError: Unexpected disconnection\n']
2025-09-19 10:59:12,843 - INFO - MQTTTransportStage: Unexpected disconnect (no pending connection op)
2025-09-19 10:59:12,844 - INFO - Connection State - Connected
2025-09-19 10:59:12,853 - INFO - Creating client for connecting using MQTT over TCP
2025-09-19 10:59:12,854 - INFO - Connection State - Connected
2025-09-19 10:59:12,858 - INFO - Connection State - Disconnected
2025-09-19 10:59:12,878 - INFO - Cleared all pending method requests due to disconnect
2025-09-19 10:59:12,915 - WARNING - Exception caught in background thread.  Unable to handle.
2025-09-19 10:59:12,998 - INFO - disconnected with result code: 7
2025-09-19 10:59:13,001 - INFO - connected with result code: 0
2025-09-19 10:59:13,004 - INFO - Connect using port 8883 (TCP)
2025-09-19 10:59:13,005 - WARNING - ['azure.iot.device.common.transport_exceptions.ConnectionDroppedError: Unexpected disconnection\n']
2025-09-19 10:59:13,011 - INFO - Forcing paho disconnect to prevent it from automatically reconnecting
2025-09-19 10:59:13,027 - INFO - Connecting to Hub...
2025-09-19 10:59:13,833 - INFO - Connect using port 8883 (TCP)
2025-09-19 10:59:14,093 - INFO - connected with result code: 0
2025-09-19 10:59:14,103 - INFO - disconnected with result code: 7
2025-09-19 10:59:14,105 - INFO - Forcing paho disconnect to prevent it from automatically reconnecting
2025-09-19 10:59:14,688 - INFO - Connect using port 8883 (TCP)
2025-09-19 10:59:14,948 - INFO - connected with result code: 0
2025-09-19 10:59:14,951 - INFO - disconnected with result code: 7
2025-09-19 10:59:14,954 - INFO - Forcing paho disconnect to prevent it from automatically reconnecting
2025-09-19 10:59:15,522 - INFO - _on_mqtt_connected called
2025-09-19 10:59:15,524 - INFO - MQTTTransportStage: _on_mqtt_disconnect called: The connection was lost.
2025-09-19 10:59:15,526 - INFO - Connection State - Connected
2025-09-19 10:59:15,529 - INFO - MQTTTransportStage: Unexpected disconnect (no pending connection op)
2025-09-19 10:59:15,530 - INFO - Connection State - Disconnected
2025-09-19 10:59:15,537 - INFO - Cleared all pending method requests due to disconnect
2025-09-19 10:59:15,538 - INFO - Connect using port 8883 (TCP)
2025-09-19 10:59:15,538 - WARNING - Exception caught in background thread.  Unable to handle.
2025-09-19 10:59:15,539 - WARNING - ['azure.iot.device.common.transport_exceptions.ConnectionDroppedError: Unexpected disconnection\n']
2025-09-19 10:59:15,783 - INFO - connected with result code: 0
2025-09-19 10:59:15,784 - INFO - disconnected with result code: 7
2025-09-19 10:59:15,790 - INFO - Forcing paho disconnect to prevent it from automatically reconnecting
2025-09-19 10:59:16,380 - INFO - _on_mqtt_connected called
2025-09-19 10:59:16,381 - INFO - MQTTTransportStage: _on_mqtt_disconnect called: The connection was lost.
2025-09-19 10:59:16,381 - INFO - Connection State - Connected
2025-09-19 10:59:16,381 - INFO - MQTTTransportStage: Unexpected disconnect (no pending connection op)
2025-09-19 10:59:16,381 - INFO - Connection State - Disconnected
2025-09-19 10:59:16,381 - INFO - _on_mqtt_connected called
2025-09-19 10:59:16,382 - INFO - Cleared all pending method requests due to disconnect
2025-09-19 10:59:16,382 - INFO - MQTTTransportStage: _on_mqtt_disconnect called: The connection was lost.
2025-09-19 10:59:16,382 - WARNING - Exception caught in background thread.  Unable to handle.
2025-09-19 10:59:16,384 - WARNING - ['azure.iot.device.common.transport_exceptions.ConnectionDroppedError: Unexpected disconnection\n']
2025-09-19 10:59:16,384 - INFO - MQTTTransportStage: Unexpected disconnect (no pending connection op)
2025-09-19 10:59:16,384 - INFO - Connection State - Connected
2025-09-19 10:59:16,385 - INFO - Connect using port 8883 (TCP)
2025-09-19 10:59:16,385 - INFO - Connection State - Disconnected
2025-09-19 10:59:16,386 - INFO - Cleared all pending method requests due to disconnect
2025-09-19 10:59:16,386 - WARNING - Exception caught in background thread.  Unable to handle.
2025-09-19 10:59:16,387 - WARNING - ['azure.iot.device.common.transport_exceptions.ConnectionDroppedError: Unexpected disconnection\n']
2025-09-19 10:59:16,656 - INFO - connected with result code: 0
2025-09-19 10:59:16,663 - INFO - disconnected with result code: 7
2025-09-19 10:59:16,665 - INFO - Forcing paho disconnect to prevent it from automatically reconnecting
2025-09-19 10:59:17,200 - INFO - _on_mqtt_connected called
2025-09-19 10:59:17,201 - INFO - MQTTTransportStage: _on_mqtt_disconnect called: The connection was lost.
2025-09-19 10:59:17,201 - INFO - Connection State - Connected
2025-09-19 10:59:17,201 - INFO - MQTTTransportStage: Unexpected disconnect (no pending connection op)
2025-09-19 10:59:17,201 - INFO - Connection State - Disconnected
2025-09-19 10:59:17,202 - INFO - Cleared all pending method requests due to disconnect
2025-09-19 10:59:17,202 - INFO - Connect using port 8883 (TCP)
2025-09-19 10:59:17,202 - WARNING - Exception caught in background thread.  Unable to handle.
2025-09-19 10:59:17,203 - WARNING - ['azure.iot.device.common.transport_exceptions.ConnectionDroppedError: Unexpected disconnection\n']
2025-09-19 10:59:17,460 - INFO - connected with result code: 0
2025-09-19 10:59:17,470 - INFO - disconnected with result code: 7
2025-09-19 10:59:17,473 - INFO - Forcing paho disconnect to prevent it from automatically reconnecting
2025-09-19 10:59:18,030 - INFO - Connect using port 8883 (TCP)
2025-09-19 10:59:18,288 - INFO - connected with result code: 0
2025-09-19 10:59:18,299 - INFO - disconnected with result code: 7
2025-09-19 10:59:18,301 - INFO - Forcing paho disconnect to prevent it from automatically reconnecting
2025-09-19 10:59:18,851 - INFO - _on_mqtt_connected called
2025-09-19 10:59:18,852 - INFO - MQTTTransportStage: _on_mqtt_disconnect called: The connection was lost.
2025-09-19 10:59:18,852 - INFO - Connection State - Connected
2025-09-19 10:59:18,854 - INFO - MQTTTransportStage: Unexpected disconnect (no pending connection op)
2025-09-19 10:59:18,854 - INFO - Successfully connected to Hub
2025-09-19 10:59:18,854 - INFO - Connection State - Disconnected
2025-09-19 10:59:18,856 - INFO - Cleared all pending method requests due to disconnect
2025-09-19 10:59:18,856 - INFO - Connect using port 8883 (TCP)
2025-09-19 10:59:18,856 - WARNING - Exception caught in background thread.  Unable to handle.
2025-09-19 10:59:18,857 - WARNING - ['azure.iot.device.common.transport_exceptions.ConnectionDroppedError: Unexpected disconnection\n']
2025-09-19 10:59:19,118 - INFO - disconnected with result code: 7
2025-09-19 10:59:19,121 - INFO - Forcing paho disconnect to prevent it from automatically reconnecting
2025-09-19 10:59:19,123 - INFO - connected with result code: 0
2025-09-19 10:59:19,733 - INFO - _on_mqtt_connected called
2025-09-19 10:59:19,736 - INFO - MQTTTransportStage: _on_mqtt_disconnect called: The connection was lost.
2025-09-19 10:59:19,737 - INFO - Connection State - Connected
2025-09-19 10:59:19,741 - INFO - MQTTTransportStage: Unexpected disconnect (no pending connection op)
2025-09-19 10:59:19,742 - INFO - Connection State - Disconnected
2025-09-19 10:59:19,743 - INFO - _on_mqtt_connected called
2025-09-19 10:59:19,744 - INFO - Cleared all pending method requests due to disconnect
2025-09-19 10:59:19,745 - INFO - MQTTTransportStage: _on_mqtt_disconnect called: The connection was lost.
2025-09-19 10:59:19,747 - WARNING - Exception caught in background thread.  Unable to handle.
2025-09-19 10:59:19,750 - INFO - MQTTTransportStage: Unexpected disconnect (no pending connection op)
2025-09-19 10:59:19,751 - WARNING - ['azure.iot.device.common.transport_exceptions.ConnectionDroppedError: Unexpected disconnection\n']
2025-09-19 10:59:19,755 - INFO - Connection State - Connected
2025-09-19 10:59:19,778 - INFO - Connection State - Disconnected
2025-09-19 10:59:19,791 - INFO - Cleared all pending method requests due to disconnect
2025-09-19 10:59:19,797 - WARNING - Exception caught in background thread.  Unable to handle.
2025-09-19 10:59:19,798 - WARNING - ['azure.iot.device.common.transport_exceptions.ConnectionDroppedError: Unexpected disconnection\n']
2025-09-19 10:59:19,799 - INFO - Connect using port 8883 (TCP)
2025-09-19 10:59:20,012 - INFO - disconnected with result code: 7
2025-09-19 10:59:20,013 - INFO - Forcing paho disconnect to prevent it from automatically reconnecting
2025-09-19 10:59:20,030 - INFO - connected with result code: 0
2025-09-19 10:59:20,692 - INFO - MQTTTransportStage: _on_mqtt_disconnect called: The connection was lost.
2025-09-19 10:59:20,697 - INFO - MQTTTransportStage: Unexpected disconnect (no pending connection op)
2025-09-19 10:59:20,698 - INFO - Connection State - Disconnected
2025-09-19 10:59:20,699 - INFO - _on_mqtt_connected called
2025-09-19 10:59:20,701 - INFO - Cleared all pending method requests due to disconnect
2025-09-19 10:59:20,705 - WARNING - Exception caught in background thread.  Unable to handle.
2025-09-19 10:59:20,706 - INFO - Connect using port 8883 (TCP)
2025-09-19 10:59:20,707 - WARNING - ['azure.iot.device.common.transport_exceptions.ConnectionDroppedError: Unexpected disconnection\n']
2025-09-19 10:59:20,710 - INFO - Connection State - Connected
2025-09-19 10:59:20,963 - INFO - connected with result code: 0
2025-09-19 10:59:20,967 - INFO - disconnected with result code: 7
2025-09-19 10:59:20,969 - INFO - Forcing paho disconnect to prevent it from automatically reconnecting
2025-09-19 10:59:21,550 - INFO - Connect using port 8883 (TCP)
2025-09-19 10:59:21,808 - INFO - connected with result code: 0
2025-09-19 10:59:21,811 - INFO - disconnected with result code: 7
2025-09-19 10:59:21,812 - INFO - Forcing paho disconnect to prevent it from automatically reconnecting
2025-09-19 10:59:22,401 - INFO - Creating client for connecting using MQTT over TCP
2025-09-19 10:59:22,440 - INFO - MQTTTransportStage: _on_mqtt_disconnect called: The connection was lost.
2025-09-19 10:59:22,441 - INFO - MQTTTransportStage: Unexpected disconnect (no pending connection op)
2025-09-19 10:59:22,441 - INFO - Connection State - Disconnected
2025-09-19 10:59:22,441 - INFO - _on_mqtt_connected called
2025-09-19 10:59:22,442 - INFO - Cleared all pending method requests due to disconnect
2025-09-19 10:59:22,442 - WARNING - Exception caught in background thread.  Unable to handle.
2025-09-19 10:59:22,442 - INFO - Connect using port 8883 (TCP)
2025-09-19 10:59:22,443 - INFO - Connecting to Hub...
2025-09-19 10:59:22,443 - WARNING - ['azure.iot.device.common.transport_exceptions.ConnectionDroppedError: Unexpected disconnection\n']
2025-09-19 10:59:22,443 - INFO - Connection State - Connected
2025-09-19 10:59:22,672 - INFO - connected with result code: 0
2025-09-19 10:59:22,673 - INFO - disconnected with result code: 7
2025-09-19 10:59:22,676 - INFO - Forcing paho disconnect to prevent it from automatically reconnecting
2025-09-19 10:59:23,289 - INFO - _on_mqtt_connected called
2025-09-19 10:59:23,291 - INFO - MQTTTransportStage: _on_mqtt_disconnect called: The connection was lost.
2025-09-19 10:59:23,292 - INFO - Connection State - Connected
2025-09-19 10:59:23,295 - INFO - MQTTTransportStage: Unexpected disconnect (no pending connection op)
2025-09-19 10:59:23,296 - INFO - Connection State - Disconnected
2025-09-19 10:59:23,297 - INFO - _on_mqtt_connected called
2025-09-19 10:59:23,299 - INFO - Cleared all pending method requests due to disconnect
2025-09-19 10:59:23,300 - INFO - MQTTTransportStage: _on_mqtt_disconnect called: The connection was lost.
2025-09-19 10:59:23,300 - WARNING - Exception caught in background thread.  Unable to handle.
2025-09-19 10:59:23,300 - WARNING - ['azure.iot.device.common.transport_exceptions.ConnectionDroppedError: Unexpected disconnection\n']
2025-09-19 10:59:23,301 - INFO - Connection State - Connected
2025-09-19 10:59:23,301 - INFO - MQTTTransportStage: Unexpected disconnect (no pending connection op)
2025-09-19 10:59:23,301 - INFO - Connection State - Disconnected
2025-09-19 10:59:23,301 - INFO - Connect using port 8883 (TCP)
2025-09-19 10:59:23,302 - INFO - Cleared all pending method requests due to disconnect
2025-09-19 10:59:23,304 - WARNING - Exception caught in background thread.  Unable to handle.
2025-09-19 10:59:23,304 - WARNING - ['azure.iot.device.common.transport_exceptions.ConnectionDroppedError: Unexpected disconnection\n']
2025-09-19 10:59:23,556 - INFO - connected with result code: 0
2025-09-19 10:59:23,560 - INFO - disconnected with result code: 7
2025-09-19 10:59:23,562 - INFO - Forcing paho disconnect to prevent it from automatically reconnecting
2025-09-19 10:59:24,153 - INFO - Connect using port 8883 (TCP)
2025-09-19 10:59:24,428 - INFO - disconnected with result code: 7
2025-09-19 10:59:24,429 - INFO - Forcing paho disconnect to prevent it from automatically reconnecting
2025-09-19 10:59:24,429 - INFO - connected with result code: 0
2025-09-19 10:59:25,004 - INFO - _on_mqtt_connected called
2025-09-19 10:59:25,005 - INFO - MQTTTransportStage: _on_mqtt_disconnect called: The connection was lost.
2025-09-19 10:59:25,006 - INFO - Connection State - Connected
2025-09-19 10:59:25,009 - INFO - MQTTTransportStage: Unexpected disconnect (no pending connection op)
2025-09-19 10:59:25,009 - INFO - Connection State - Disconnected
2025-09-19 10:59:25,013 - INFO - Cleared all pending method requests due to disconnect
2025-09-19 10:59:25,013 - INFO - Connect using port 8883 (TCP)
2025-09-19 10:59:25,013 - WARNING - Exception caught in background thread.  Unable to handle.
2025-09-19 10:59:25,014 - WARNING - ['azure.iot.device.common.transport_exceptions.ConnectionDroppedError: Unexpected disconnection\n']
2025-09-19 10:59:25,275 - INFO - connected with result code: 0
2025-09-19 10:59:25,290 - INFO - disconnected with result code: 7
2025-09-19 10:59:25,293 - INFO - Forcing paho disconnect to prevent it from automatically reconnecting
2025-09-19 10:59:25,805 - INFO - Connect using port 8883 (TCP)
2025-09-19 10:59:26,068 - INFO - connected with result code: 0
2025-09-19 10:59:26,080 - INFO - disconnected with result code: 7
2025-09-19 10:59:26,082 - INFO - Forcing paho disconnect to prevent it from automatically reconnecting
2025-09-19 10:59:26,628 - INFO - _on_mqtt_connected called
2025-09-19 10:59:26,628 - INFO - MQTTTransportStage: _on_mqtt_disconnect called: The connection was lost.
2025-09-19 10:59:26,629 - INFO - Connection State - Connected
2025-09-19 10:59:26,630 - INFO - MQTTTransportStage: Unexpected disconnect (no pending connection op)
2025-09-19 10:59:26,630 - INFO - Connection State - Disconnected
2025-09-19 10:59:26,630 - INFO - MQTTTransportStage: _on_mqtt_disconnect called: The connection was lost.
2025-09-19 10:59:26,631 - INFO - Cleared all pending method requests due to disconnect
2025-09-19 10:59:26,632 - INFO - MQTTTransportStage: Unexpected disconnect (no pending connection op)
2025-09-19 10:59:26,632 - WARNING - Exception caught in background thread.  Unable to handle.
2025-09-19 10:59:26,633 - INFO - _on_mqtt_connected called
2025-09-19 10:59:26,633 - WARNING - ['azure.iot.device.common.transport_exceptions.ConnectionDroppedError: Unexpected disconnection\n']
2025-09-19 10:59:26,634 - INFO - Connection State - Disconnected
2025-09-19 10:59:26,635 - INFO - Connect using port 8883 (TCP)
2025-09-19 10:59:26,635 - INFO - Cleared all pending method requests due to disconnect
2025-09-19 10:59:26,636 - WARNING - Exception caught in background thread.  Unable to handle.
2025-09-19 10:59:26,637 - WARNING - ['azure.iot.device.common.transport_exceptions.ConnectionDroppedError: Unexpected disconnection\n']
2025-09-19 10:59:26,637 - INFO - Connection State - Connected
2025-09-19 10:59:26,637 - INFO - Successfully connected to Hub
2025-09-19 10:59:26,890 - INFO - disconnected with result code: 7
2025-09-19 10:59:26,893 - INFO - Forcing paho disconnect to prevent it from automatically reconnecting
2025-09-19 10:59:26,896 - INFO - connected with result code: 0
2025-09-19 10:59:27,510 - INFO - _on_mqtt_connected called
2025-09-19 10:59:27,510 - INFO - MQTTTransportStage: _on_mqtt_disconnect called: The connection was lost.
2025-09-19 10:59:27,510 - INFO - Connection State - Connected
2025-09-19 10:59:27,511 - INFO - MQTTTransportStage: Unexpected disconnect (no pending connection op)
2025-09-19 10:59:27,511 - INFO - Connection State - Disconnected
2025-09-19 10:59:27,511 - INFO - _on_mqtt_connected called
2025-09-19 10:59:27,511 - INFO - Cleared all pending method requests due to disconnect
2025-09-19 10:59:27,511 - INFO - MQTTTransportStage: _on_mqtt_disconnect called: The connection was lost.
2025-09-19 10:59:27,511 - WARNING - Exception caught in background thread.  Unable to handle.
2025-09-19 10:59:27,512 - WARNING - ['azure.iot.device.common.transport_exceptions.ConnectionDroppedError: Unexpected disconnection\n']
2025-09-19 10:59:27,512 - INFO - MQTTTransportStage: Unexpected disconnect (no pending connection op)
2025-09-19 10:59:27,512 - INFO - Connection State - Connected
2025-09-19 10:59:27,512 - INFO - Connection State - Disconnected
2025-09-19 10:59:27,512 - INFO - Cleared all pending method requests due to disconnect
2025-09-19 10:59:27,524 - WARNING - Exception caught in background thread.  Unable to handle.
2025-09-19 10:59:27,525 - WARNING - ['azure.iot.device.common.transport_exceptions.ConnectionDroppedError: Unexpected disconnection\n']
2025-09-19 10:59:27,525 - INFO - Connect using port 8883 (TCP)
2025-09-19 10:59:27,796 - INFO - connected with result code: 0
2025-09-19 10:59:27,805 - INFO - disconnected with result code: 7
2025-09-19 10:59:27,806 - INFO - Forcing paho disconnect to prevent it from automatically reconnecting
2025-09-19 10:59:28,364 - INFO - Connect using port 8883 (TCP)
2025-09-19 10:59:28,630 - INFO - connected with result code: 0
2025-09-19 10:59:28,644 - INFO - disconnected with result code: 7
2025-09-19 10:59:28,646 - INFO - Forcing paho disconnect to prevent it from automatically reconnecting
2025-09-19 10:59:29,212 - INFO - MQTTTransportStage: _on_mqtt_disconnect called: The connection was lost.
2025-09-19 10:59:29,215 - INFO - MQTTTransportStage: Unexpected disconnect (no pending connection op)
2025-09-19 10:59:29,216 - INFO - Connection State - Disconnected
2025-09-19 10:59:29,217 - INFO - _on_mqtt_connected called
2025-09-19 10:59:29,218 - INFO - Cleared all pending method requests due to disconnect
2025-09-19 10:59:29,221 - WARNING - Exception caught in background thread.  Unable to handle.
2025-09-19 10:59:29,222 - INFO - Connect using port 8883 (TCP)
2025-09-19 10:59:29,222 - WARNING - ['azure.iot.device.common.transport_exceptions.ConnectionDroppedError: Unexpected disconnection\n']
2025-09-19 10:59:29,228 - INFO - Connection State - Connected
2025-09-19 10:59:29,481 - INFO - connected with result code: 0
2025-09-19 10:59:29,484 - INFO - disconnected with result code: 7
2025-09-19 10:59:29,486 - INFO - Forcing paho disconnect to prevent it from automatically reconnecting
2025-09-19 10:59:30,066 - INFO - Connect using port 8883 (TCP)
2025-09-19 10:59:30,333 - INFO - disconnected with result code: 7
2025-09-19 10:59:30,334 - INFO - connected with result code: 0
2025-09-19 10:59:30,336 - INFO - Forcing paho disconnect to prevent it from automatically reconnecting
2025-09-19 10:59:30,942 - INFO - Creating client for connecting using MQTT over TCP
2025-09-19 10:59:30,991 - INFO - _on_mqtt_connected called
2025-09-19 10:59:30,991 - INFO - MQTTTransportStage: _on_mqtt_disconnect called: The connection was lost.
2025-09-19 10:59:30,992 - INFO - Connection State - Connected
2025-09-19 10:59:30,992 - INFO - MQTTTransportStage: Unexpected disconnect (no pending connection op)
2025-09-19 10:59:30,992 - INFO - Connection State - Disconnected
2025-09-19 10:59:30,993 - INFO - _on_mqtt_connected called
2025-09-19 10:59:30,993 - INFO - Cleared all pending method requests due to disconnect
2025-09-19 10:59:30,993 - INFO - MQTTTransportStage: _on_mqtt_disconnect called: The connection was lost.
2025-09-19 10:59:30,994 - WARNING - Exception caught in background thread.  Unable to handle.
2025-09-19 10:59:30,994 - INFO - Connecting to Hub...
2025-09-19 10:59:30,994 - WARNING - ['azure.iot.device.common.transport_exceptions.ConnectionDroppedError: Unexpected disconnection\n']
2025-09-19 10:59:30,995 - INFO - MQTTTransportStage: Unexpected disconnect (no pending connection op)
2025-09-19 10:59:30,995 - INFO - Connection State - Connected
2025-09-19 10:59:30,995 - INFO - Connection State - Disconnected
2025-09-19 10:59:30,995 - INFO - Connect using port 8883 (TCP)
2025-09-19 10:59:30,995 - INFO - Cleared all pending method requests due to disconnect
2025-09-19 10:59:30,995 - WARNING - Exception caught in background thread.  Unable to handle.
2025-09-19 10:59:30,995 - WARNING - ['azure.iot.device.common.transport_exceptions.ConnectionDroppedError: Unexpected disconnection\n']
2025-09-19 10:59:31,205 - INFO - disconnected with result code: 7
2025-09-19 10:59:31,206 - INFO - Forcing paho disconnect to prevent it from automatically reconnecting
2025-09-19 10:59:31,220 - INFO - connected with result code: 0
2025-09-19 10:59:31,886 - INFO - _on_mqtt_connected called
2025-09-19 10:59:31,889 - INFO - MQTTTransportStage: _on_mqtt_disconnect called: The connection was lost.
2025-09-19 10:59:31,891 - INFO - Connection State - Connected
2025-09-19 10:59:31,895 - INFO - MQTTTransportStage: Unexpected disconnect (no pending connection op)
2025-09-19 10:59:31,895 - INFO - Connection State - Disconnected
2025-09-19 10:59:31,897 - INFO - _on_mqtt_connected called
2025-09-19 10:59:31,899 - INFO - Cleared all pending method requests due to disconnect
2025-09-19 10:59:31,900 - INFO - MQTTTransportStage: _on_mqtt_disconnect called: The connection was lost.
2025-09-19 10:59:31,902 - WARNING - Exception caught in background thread.  Unable to handle.
2025-09-19 10:59:31,906 - WARNING - ['azure.iot.device.common.transport_exceptions.ConnectionDroppedError: Unexpected disconnection\n']
2025-09-19 10:59:31,907 - INFO - MQTTTransportStage: Unexpected disconnect (no pending connection op)
2025-09-19 10:59:31,908 - INFO - Connection State - Connected
2025-09-19 10:59:31,910 - INFO - Connection State - Disconnected
2025-09-19 10:59:31,911 - INFO - Connect using port 8883 (TCP)
2025-09-19 10:59:31,912 - INFO - Cleared all pending method requests due to disconnect
2025-09-19 10:59:31,913 - WARNING - Exception caught in background thread.  Unable to handle.
2025-09-19 10:59:31,914 - WARNING - ['azure.iot.device.common.transport_exceptions.ConnectionDroppedError: Unexpected disconnection\n']
2025-09-19 10:59:32,155 - INFO - connected with result code: 0
2025-09-19 10:59:32,159 - INFO - disconnected with result code: 7
2025-09-19 10:59:32,161 - INFO - Forcing paho disconnect to prevent it from automatically reconnecting
2025-09-19 10:59:32,795 - INFO - Connect using port 8883 (TCP)
2025-09-19 10:59:33,062 - INFO - connected with result code: 0
2025-09-19 10:59:33,067 - INFO - disconnected with result code: 7
2025-09-19 10:59:33,069 - INFO - Forcing paho disconnect to prevent it from automatically reconnecting
2025-09-19 10:59:33,606 - INFO - Connect using port 8883 (TCP)
2025-09-19 10:59:33,875 - INFO - connected with result code: 0
2025-09-19 10:59:33,877 - INFO - disconnected with result code: 7
2025-09-19 10:59:33,878 - INFO - Forcing paho disconnect to prevent it from automatically reconnecting
2025-09-19 10:59:34,435 - INFO - MQTTTransportStage: _on_mqtt_disconnect called: The connection was lost.
2025-09-19 10:59:34,440 - INFO - MQTTTransportStage: Unexpected disconnect (no pending connection op)
2025-09-19 10:59:34,441 - INFO - Connection State - Disconnected
2025-09-19 10:59:34,443 - INFO - _on_mqtt_connected called
2025-09-19 10:59:34,445 - INFO - Cleared all pending method requests due to disconnect
2025-09-19 10:59:34,448 - WARNING - Exception caught in background thread.  Unable to handle.
2025-09-19 10:59:34,450 - INFO - Connect using port 8883 (TCP)
2025-09-19 10:59:34,451 - WARNING - ['azure.iot.device.common.transport_exceptions.ConnectionDroppedError: Unexpected disconnection\n']
2025-09-19 10:59:34,454 - INFO - Connection State - Connected
2025-09-19 10:59:34,706 - INFO - connected with result code: 0
2025-09-19 10:59:34,715 - INFO - disconnected with result code: 7
2025-09-19 10:59:34,718 - INFO - Forcing paho disconnect to prevent it from automatically reconnecting
2025-09-19 10:59:35,305 - INFO - Connect using port 8883 (TCP)
2025-09-19 10:59:35,571 - INFO - connected with result code: 0
2025-09-19 10:59:35,580 - INFO - disconnected with result code: 7
2025-09-19 10:59:35,582 - INFO - Forcing paho disconnect to prevent it from automatically reconnecting
2025-09-19 10:59:36,171 - INFO - _on_mqtt_connected called
2025-09-19 10:59:36,173 - INFO - MQTTTransportStage: _on_mqtt_disconnect called: The connection was lost.
2025-09-19 10:59:36,174 - INFO - Connection State - Connected
2025-09-19 10:59:36,177 - INFO - MQTTTransportStage: Unexpected disconnect (no pending connection op)
2025-09-19 10:59:36,177 - INFO - Connection State - Disconnected
2025-09-19 10:59:36,180 - INFO - _on_mqtt_connected called
2025-09-19 10:59:36,181 - INFO - Cleared all pending method requests due to disconnect
2025-09-19 10:59:36,182 - INFO - MQTTTransportStage: _on_mqtt_disconnect called: The connection was lost.
2025-09-19 10:59:36,184 - WARNING - Exception caught in background thread.  Unable to handle.
2025-09-19 10:59:36,186 - WARNING - ['azure.iot.device.common.transport_exceptions.ConnectionDroppedError: Unexpected disconnection\n']
2025-09-19 10:59:36,187 - INFO - MQTTTransportStage: Unexpected disconnect (no pending connection op)
2025-09-19 10:59:36,188 - INFO - Connection State - Connected
2025-09-19 10:59:36,189 - INFO - _on_mqtt_connected called
2025-09-19 10:59:36,191 - INFO - Connection State - Disconnected
2025-09-19 10:59:36,191 - INFO - MQTTTransportStage: _on_mqtt_disconnect called: The connection was lost.
2025-09-19 10:59:36,191 - INFO - Successfully connected to Hub
2025-09-19 10:59:36,192 - INFO - Cleared all pending method requests due to disconnect
2025-09-19 10:59:36,195 - WARNING - Exception caught in background thread.  Unable to handle.
2025-09-19 10:59:36,196 - INFO - MQTTTransportStage: Unexpected disconnect (no pending connection op)
2025-09-19 10:59:36,196 - WARNING - ['azure.iot.device.common.transport_exceptions.ConnectionDroppedError: Unexpected disconnection\n']
2025-09-19 10:59:36,198 - INFO - Connection State - Connected
2025-09-19 10:59:36,198 - INFO - Connect using port 8883 (TCP)
2025-09-19 10:59:36,198 - INFO - Connection State - Disconnected
2025-09-19 10:59:36,199 - INFO - Cleared all pending method requests due to disconnect
2025-09-19 10:59:36,200 - WARNING - Exception caught in background thread.  Unable to handle.
2025-09-19 10:59:36,200 - WARNING - ['azure.iot.device.common.transport_exceptions.ConnectionDroppedError: Unexpected disconnection\n']
2025-09-19 10:59:36,455 - INFO - disconnected with result code: 7
2025-09-19 10:59:36,455 - INFO - connected with result code: 0
2025-09-19 10:59:36,456 - INFO - Forcing paho disconnect to prevent it from automatically reconnecting
2025-09-19 10:59:37,040 - INFO - _on_mqtt_connected called
2025-09-19 10:59:37,042 - INFO - MQTTTransportStage: _on_mqtt_disconnect called: The connection was lost.
2025-09-19 10:59:37,043 - INFO - Connection State - Connected
2025-09-19 10:59:37,046 - INFO - MQTTTransportStage: Unexpected disconnect (no pending connection op)
2025-09-19 10:59:37,046 - INFO - Connection State - Disconnected
2025-09-19 10:59:37,048 - INFO - _on_mqtt_connected called
2025-09-19 10:59:37,049 - INFO - Cleared all pending method requests due to disconnect
2025-09-19 10:59:37,051 - INFO - MQTTTransportStage: _on_mqtt_disconnect called: The connection was lost.
2025-09-19 10:59:37,054 - WARNING - Exception caught in background thread.  Unable to handle.
2025-09-19 10:59:37,057 - INFO - MQTTTransportStage: Unexpected disconnect (no pending connection op)
2025-09-19 10:59:37,058 - WARNING - ['azure.iot.device.common.transport_exceptions.ConnectionDroppedError: Unexpected disconnection\n']
2025-09-19 10:59:37,060 - INFO - Connect using port 8883 (TCP)
2025-09-19 10:59:37,061 - INFO - Connection State - Connected
2025-09-19 10:59:37,064 - INFO - Connection State - Disconnected
2025-09-19 10:59:37,066 - INFO - Cleared all pending method requests due to disconnect
2025-09-19 10:59:37,067 - WARNING - Exception caught in background thread.  Unable to handle.
2025-09-19 10:59:37,067 - WARNING - ['azure.iot.device.common.transport_exceptions.ConnectionDroppedError: Unexpected disconnection\n']
2025-09-19 10:59:37,326 - INFO - connected with result code: 0
2025-09-19 10:59:37,327 - INFO - disconnected with result code: 7
2025-09-19 10:59:37,327 - INFO - Forcing paho disconnect to prevent it from automatically reconnecting
2025-09-19 10:59:37,948 - INFO - Connect using port 8883 (TCP)
2025-09-19 10:59:38,178 - INFO - connected with result code: 0
2025-09-19 10:59:38,181 - INFO - disconnected with result code: 7
2025-09-19 10:59:38,183 - INFO - Forcing paho disconnect to prevent it from automatically reconnecting
2025-09-19 10:59:38,816 - INFO - Connect using port 8883 (TCP)
2025-09-19 10:59:39,083 - INFO - disconnected with result code: 7
2025-09-19 10:59:39,085 - INFO - connected with result code: 0
2025-09-19 10:59:39,087 - INFO - Forcing paho disconnect to prevent it from automatically reconnecting
2025-09-19 10:59:39,618 - INFO - _on_mqtt_connected called
2025-09-19 10:59:39,620 - INFO - MQTTTransportStage: _on_mqtt_disconnect called: The connection was lost.
2025-09-19 10:59:39,621 - INFO - Connection State - Connected
2025-09-19 10:59:39,625 - INFO - MQTTTransportStage: Unexpected disconnect (no pending connection op)
2025-09-19 10:59:39,625 - INFO - Connection State - Disconnected
2025-09-19 10:59:39,627 - INFO - Connect using port 8883 (TCP)
2025-09-19 10:59:39,628 - INFO - Cleared all pending method requests due to disconnect
2025-09-19 10:59:39,628 - WARNING - Exception caught in background thread.  Unable to handle.
2025-09-19 10:59:39,628 - WARNING - ['azure.iot.device.common.transport_exceptions.ConnectionDroppedError: Unexpected disconnection\n']
2025-09-19 10:59:39,878 - INFO - connected with result code: 0
2025-09-19 10:59:39,887 - INFO - disconnected with result code: 7
2025-09-19 10:59:39,890 - INFO - Forcing paho disconnect to prevent it from automatically reconnecting
2025-09-19 10:59:40,490 - INFO - Connect using port 8883 (TCP)
2025-09-19 10:59:40,760 - INFO - connected with result code: 0
2025-09-19 10:59:40,760 - INFO - disconnected with result code: 7
2025-09-19 10:59:40,761 - INFO - Forcing paho disconnect to prevent it from automatically reconnecting
2025-09-19 10:59:41,371 - INFO - _on_mqtt_connected called
2025-09-19 10:59:41,373 - INFO - MQTTTransportStage: _on_mqtt_disconnect called: The connection was lost.
2025-09-19 10:59:41,375 - INFO - Connection State - Connected
2025-09-19 10:59:41,375 - INFO - MQTTTransportStage: Unexpected disconnect (no pending connection op)
2025-09-19 10:59:41,376 - INFO - Connection State - Disconnected
2025-09-19 10:59:41,378 - INFO - Cleared all pending method requests due to disconnect
2025-09-19 10:59:41,379 - INFO - Creating client for connecting using MQTT over TCP
2025-09-19 10:59:41,381 - WARNING - Exception caught in background thread.  Unable to handle.
2025-09-19 10:59:41,383 - WARNING - ['azure.iot.device.common.transport_exceptions.ConnectionDroppedError: Unexpected disconnection\n']
2025-09-19 10:59:41,425 - INFO - _on_mqtt_connected called
2025-09-19 10:59:41,425 - INFO - MQTTTransportStage: _on_mqtt_disconnect called: The connection was lost.
2025-09-19 10:59:41,426 - INFO - Connection State - Connected
2025-09-19 10:59:41,426 - INFO - MQTTTransportStage: Unexpected disconnect (no pending connection op)
2025-09-19 10:59:41,427 - INFO - Connection State - Disconnected
2025-09-19 10:59:41,427 - INFO - _on_mqtt_connected called
2025-09-19 10:59:41,427 - INFO - Cleared all pending method requests due to disconnect
2025-09-19 10:59:41,427 - INFO - Connecting to Hub...
2025-09-19 10:59:41,427 - INFO - MQTTTransportStage: _on_mqtt_disconnect called: The connection was lost.
2025-09-19 10:59:41,427 - WARNING - Exception caught in background thread.  Unable to handle.
2025-09-19 10:59:41,428 - WARNING - ['azure.iot.device.common.transport_exceptions.ConnectionDroppedError: Unexpected disconnection\n']
2025-09-19 10:59:41,428 - INFO - MQTTTransportStage: Unexpected disconnect (no pending connection op)
2025-09-19 10:59:41,428 - INFO - Connection State - Connected
2025-09-19 10:59:41,429 - INFO - Connect using port 8883 (TCP)
2025-09-19 10:59:41,429 - INFO - Connection State - Disconnected
2025-09-19 10:59:41,429 - INFO - Cleared all pending method requests due to disconnect
2025-09-19 10:59:41,429 - WARNING - Exception caught in background thread.  Unable to handle.
2025-09-19 10:59:41,429 - WARNING - ['azure.iot.device.common.transport_exceptions.ConnectionDroppedError: Unexpected disconnection\n']
2025-09-19 10:59:41,629 - INFO - connected with result code: 0
2025-09-19 10:59:41,637 - INFO - disconnected with result code: 7
2025-09-19 10:59:41,638 - INFO - Forcing paho disconnect to prevent it from automatically reconnecting
2025-09-19 10:59:42,306 - INFO - _on_mqtt_connected called
2025-09-19 10:59:42,308 - INFO - MQTTTransportStage: _on_mqtt_disconnect called: The connection was lost.
2025-09-19 10:59:42,310 - INFO - Connection State - Connected
2025-09-19 10:59:42,313 - INFO - MQTTTransportStage: Unexpected disconnect (no pending connection op)
2025-09-19 10:59:42,314 - INFO - Connection State - Disconnected
2025-09-19 10:59:42,316 - INFO - _on_mqtt_connected called
2025-09-19 10:59:42,318 - INFO - Cleared all pending method requests due to disconnect
2025-09-19 10:59:42,320 - INFO - MQTTTransportStage: _on_mqtt_disconnect called: The connection was lost.
2025-09-19 10:59:42,322 - WARNING - Exception caught in background thread.  Unable to handle.
2025-09-19 10:59:42,325 - WARNING - ['azure.iot.device.common.transport_exceptions.ConnectionDroppedError: Unexpected disconnection\n']
2025-09-19 10:59:42,326 - INFO - MQTTTransportStage: Unexpected disconnect (no pending connection op)
2025-09-19 10:59:42,328 - INFO - Connection State - Connected
2025-09-19 10:59:42,333 - INFO - Connection State - Disconnected
2025-09-19 10:59:42,335 - INFO - Connect using port 8883 (TCP)
2025-09-19 10:59:42,335 - INFO - Cleared all pending method requests due to disconnect
2025-09-19 10:59:42,339 - WARNING - Exception caught in background thread.  Unable to handle.
2025-09-19 10:59:42,341 - WARNING - ['azure.iot.device.common.transport_exceptions.ConnectionDroppedError: Unexpected disconnection\n']
2025-09-19 10:59:42,566 - INFO - connected with result code: 0
2025-09-19 10:59:42,572 - INFO - disconnected with result code: 7
2025-09-19 10:59:42,575 - INFO - Forcing paho disconnect to prevent it from automatically reconnecting
2025-09-19 10:59:43,213 - INFO - Connect using port 8883 (TCP)
2025-09-19 10:59:43,480 - INFO - disconnected with result code: 7
2025-09-19 10:59:43,483 - INFO - connected with result code: 0
2025-09-19 10:59:43,485 - INFO - Forcing paho disconnect to prevent it from automatically reconnecting
2025-09-19 10:59:44,168 - INFO - Connect using port 8883 (TCP)
2025-09-19 10:59:44,438 - INFO - disconnected with result code: 7
2025-09-19 10:59:44,440 - INFO - Forcing paho disconnect to prevent it from automatically reconnecting
2025-09-19 10:59:44,446 - INFO - connected with result code: 0
2025-09-19 10:59:45,007 - INFO - Connect using port 8883 (TCP)
2025-09-19 10:59:45,266 - INFO - connected with result code: 0
2025-09-19 10:59:45,274 - INFO - disconnected with result code: 7
2025-09-19 10:59:45,276 - INFO - Forcing paho disconnect to prevent it from automatically reconnecting
2025-09-19 10:59:45,833 - INFO - _on_mqtt_connected called
2025-09-19 10:59:45,834 - INFO - MQTTTransportStage: _on_mqtt_disconnect called: The connection was lost.
2025-09-19 10:59:45,835 - INFO - Connection State - Connected
2025-09-19 10:59:45,836 - INFO - MQTTTransportStage: Unexpected disconnect (no pending connection op)
2025-09-19 10:59:45,836 - INFO - Connection State - Disconnected
2025-09-19 10:59:45,837 - INFO - Connect using port 8883 (TCP)
2025-09-19 10:59:45,837 - INFO - Cleared all pending method requests due to disconnect
2025-09-19 10:59:45,838 - WARNING - Exception caught in background thread.  Unable to handle.
2025-09-19 10:59:45,838 - WARNING - ['azure.iot.device.common.transport_exceptions.ConnectionDroppedError: Unexpected disconnection\n']
2025-09-19 10:59:46,099 - INFO - connected with result code: 0
2025-09-19 10:59:46,107 - INFO - disconnected with result code: 7
2025-09-19 10:59:46,110 - INFO - Forcing paho disconnect to prevent it from automatically reconnecting
2025-09-19 10:59:46,640 - INFO - Connect using port 8883 (TCP)
2025-09-19 10:59:46,897 - INFO - connected with result code: 0
2025-09-19 10:59:46,903 - INFO - disconnected with result code: 7
2025-09-19 10:59:46,904 - INFO - Forcing paho disconnect to prevent it from automatically reconnecting
2025-09-19 10:59:47,488 - INFO - _on_mqtt_connected called
2025-09-19 10:59:47,491 - INFO - MQTTTransportStage: _on_mqtt_disconnect called: The connection was lost.
2025-09-19 10:59:47,493 - INFO - Connection State - Connected
2025-09-19 10:59:47,495 - INFO - MQTTTransportStage: Unexpected disconnect (no pending connection op)
2025-09-19 10:59:47,496 - INFO - Connection State - Disconnected
2025-09-19 10:59:47,498 - INFO - _on_mqtt_connected called
2025-09-19 10:59:47,500 - INFO - Cleared all pending method requests due to disconnect
2025-09-19 10:59:47,502 - INFO - MQTTTransportStage: _on_mqtt_disconnect called: The connection was lost.
2025-09-19 10:59:47,504 - WARNING - Exception caught in background thread.  Unable to handle.
2025-09-19 10:59:47,507 - WARNING - ['azure.iot.device.common.transport_exceptions.ConnectionDroppedError: Unexpected disconnection\n']
2025-09-19 10:59:47,508 - INFO - MQTTTransportStage: Unexpected disconnect (no pending connection op)
2025-09-19 10:59:47,510 - INFO - Connection State - Connected
2025-09-19 10:59:47,512 - INFO - MQTTTransportStage: _on_mqtt_disconnect called: The connection was lost.
2025-09-19 10:59:47,514 - INFO - Connection State - Disconnected
2025-09-19 10:59:47,516 - INFO - Cleared all pending method requests due to disconnect
2025-09-19 10:59:47,518 - INFO - MQTTTransportStage: Unexpected disconnect (no pending connection op)
2025-09-19 10:59:47,519 - WARNING - Exception caught in background thread.  Unable to handle.
2025-09-19 10:59:47,520 - INFO - _on_mqtt_connected called
2025-09-19 10:59:47,522 - WARNING - ['azure.iot.device.common.transport_exceptions.ConnectionDroppedError: Unexpected disconnection\n']
2025-09-19 10:59:47,524 - INFO - _on_mqtt_connected called
2025-09-19 10:59:47,526 - INFO - Connection State - Disconnected
2025-09-19 10:59:47,527 - INFO - MQTTTransportStage: _on_mqtt_disconnect called: The connection was lost.
2025-09-19 10:59:47,528 - INFO - Cleared all pending method requests due to disconnect
2025-09-19 10:59:47,530 - WARNING - Exception caught in background thread.  Unable to handle.
2025-09-19 10:59:47,530 - INFO - MQTTTransportStage: Unexpected disconnect (no pending connection op)
2025-09-19 10:59:47,531 - WARNING - ['azure.iot.device.common.transport_exceptions.ConnectionDroppedError: Unexpected disconnection\n']
2025-09-19 10:59:47,534 - INFO - Connection State - Connected
2025-09-19 10:59:47,535 - INFO - Connect using port 8883 (TCP)
2025-09-19 10:59:47,536 - INFO - Successfully connected to Hub
2025-09-19 10:59:47,537 - INFO - Connection State - Connected
2025-09-19 10:59:47,540 - INFO - Connection State - Disconnected
2025-09-19 10:59:47,541 - INFO - Cleared all pending method requests due to disconnect
2025-09-19 10:59:47,541 - WARNING - Exception caught in background thread.  Unable to handle.
2025-09-19 10:59:47,542 - WARNING - ['azure.iot.device.common.transport_exceptions.ConnectionDroppedError: Unexpected disconnection\n']
2025-09-19 10:59:47,754 - INFO - connected with result code: 0
2025-09-19 10:59:47,769 - INFO - disconnected with result code: 7
2025-09-19 10:59:47,772 - INFO - Forcing paho disconnect to prevent it from automatically reconnecting
2025-09-19 10:59:48,366 - INFO - _on_mqtt_connected called
2025-09-19 10:59:48,370 - INFO - MQTTTransportStage: _on_mqtt_disconnect called: The connection was lost.
2025-09-19 10:59:48,371 - INFO - Connection State - Connected
2025-09-19 10:59:48,375 - INFO - MQTTTransportStage: Unexpected disconnect (no pending connection op)
2025-09-19 10:59:48,376 - INFO - Connection State - Disconnected
2025-09-19 10:59:48,377 - INFO - _on_mqtt_connected called
2025-09-19 10:59:48,379 - INFO - Cleared all pending method requests due to disconnect
2025-09-19 10:59:48,381 - INFO - MQTTTransportStage: _on_mqtt_disconnect called: The connection was lost.
2025-09-19 10:59:48,382 - WARNING - Exception caught in background thread.  Unable to handle.
2025-09-19 10:59:48,385 - INFO - MQTTTransportStage: Unexpected disconnect (no pending connection op)
2025-09-19 10:59:48,387 - WARNING - ['azure.iot.device.common.transport_exceptions.ConnectionDroppedError: Unexpected disconnection\n']
2025-09-19 10:59:48,390 - INFO - Connection State - Connected
2025-09-19 10:59:48,391 - INFO - Connect using port 8883 (TCP)
2025-09-19 10:59:48,391 - INFO - Connection State - Disconnected
2025-09-19 10:59:48,394 - INFO - Cleared all pending method requests due to disconnect
2025-09-19 10:59:48,394 - WARNING - Exception caught in background thread.  Unable to handle.
2025-09-19 10:59:48,396 - WARNING - ['azure.iot.device.common.transport_exceptions.ConnectionDroppedError: Unexpected disconnection\n']
2025-09-19 10:59:48,626 - INFO - connected with result code: 0
2025-09-19 10:59:48,631 - INFO - disconnected with result code: 7
2025-09-19 10:59:48,633 - INFO - Forcing paho disconnect to prevent it from automatically reconnecting
2025-09-19 10:59:49,215 - INFO - Connect using port 8883 (TCP)
2025-09-19 10:59:49,477 - INFO - disconnected with result code: 7
2025-09-19 10:59:49,480 - INFO - Forcing paho disconnect to prevent it from automatically reconnecting
2025-09-19 10:59:49,481 - INFO - connected with result code: 0
2025-09-19 10:59:50,096 - INFO - Connect using port 8883 (TCP)
2025-09-19 10:59:50,331 - INFO - connected with result code: 0
2025-09-19 10:59:50,341 - INFO - disconnected with result code: 7
2025-09-19 10:59:50,343 - INFO - Forcing paho disconnect to prevent it from automatically reconnecting
2025-09-19 10:59:50,918 - INFO - Connect using port 8883 (TCP)
2025-09-19 10:59:51,174 - INFO - connected with result code: 0
2025-09-19 10:59:51,198 - INFO - disconnected with result code: 7
2025-09-19 10:59:51,199 - INFO - Forcing paho disconnect to prevent it from automatically reconnecting
2025-09-19 10:59:51,784 - INFO - _on_mqtt_connected called
2025-09-19 10:59:51,784 - INFO - MQTTTransportStage: _on_mqtt_disconnect called: The connection was lost.
2025-09-19 10:59:51,785 - INFO - Connection State - Connected
2025-09-19 10:59:51,786 - INFO - MQTTTransportStage: Unexpected disconnect (no pending connection op)
2025-09-19 10:59:51,786 - INFO - Connection State - Disconnected
2025-09-19 10:59:51,787 - INFO - Cleared all pending method requests due to disconnect
2025-09-19 10:59:51,787 - INFO - Connect using port 8883 (TCP)
2025-09-19 10:59:51,787 - WARNING - Exception caught in background thread.  Unable to handle.
2025-09-19 10:59:51,788 - WARNING - ['azure.iot.device.common.transport_exceptions.ConnectionDroppedError: Unexpected disconnection\n']
2025-09-19 10:59:52,056 - INFO - disconnected with result code: 7
2025-09-19 10:59:52,057 - INFO - connected with result code: 0
2025-09-19 10:59:52,059 - INFO - Forcing paho disconnect to prevent it from automatically reconnecting
2025-09-19 10:59:52,598 - INFO - Connect using port 8883 (TCP)
2025-09-19 10:59:52,862 - INFO - connected with result code: 0
2025-09-19 10:59:52,871 - INFO - disconnected with result code: 7
2025-09-19 10:59:52,873 - INFO - Forcing paho disconnect to prevent it from automatically reconnecting
2025-09-19 10:59:53,415 - INFO - _on_mqtt_connected called
2025-09-19 10:59:53,417 - INFO - MQTTTransportStage: _on_mqtt_disconnect called: The connection was lost.
2025-09-19 10:59:53,418 - INFO - Connection State - Connected
2025-09-19 10:59:53,423 - INFO - MQTTTransportStage: Unexpected disconnect (no pending connection op)
2025-09-19 10:59:53,424 - INFO - Connection State - Disconnected
2025-09-19 10:59:53,425 - INFO - MQTTTransportStage: _on_mqtt_disconnect called: The connection was lost.
2025-09-19 10:59:53,427 - INFO - Cleared all pending method requests due to disconnect
2025-09-19 10:59:53,430 - WARNING - Exception caught in background thread.  Unable to handle.
2025-09-19 10:59:53,431 - INFO - MQTTTransportStage: Unexpected disconnect (no pending connection op)
2025-09-19 10:59:53,432 - WARNING - ['azure.iot.device.common.transport_exceptions.ConnectionDroppedError: Unexpected disconnection\n']
2025-09-19 10:59:53,434 - INFO - _on_mqtt_connected called
2025-09-19 10:59:53,435 - INFO - Connection State - Disconnected
2025-09-19 10:59:53,440 - INFO - Cleared all pending method requests due to disconnect
2025-09-19 10:59:53,441 - INFO - Creating client for connecting using MQTT over TCP
2025-09-19 10:59:53,443 - WARNING - Exception caught in background thread.  Unable to handle.
2025-09-19 10:59:53,447 - WARNING - ['azure.iot.device.common.transport_exceptions.ConnectionDroppedError: Unexpected disconnection\n']
2025-09-19 10:59:53,459 - INFO - Connection State - Connected
2025-09-19 10:59:53,468 - INFO - _on_mqtt_connected called
2025-09-19 10:59:53,470 - INFO - MQTTTransportStage: _on_mqtt_disconnect called: The connection was lost.
2025-09-19 10:59:53,470 - INFO - Connection State - Connected
2025-09-19 10:59:53,471 - INFO - MQTTTransportStage: Unexpected disconnect (no pending connection op)
2025-09-19 10:59:53,471 - INFO - Connection State - Disconnected
2025-09-19 10:59:53,472 - INFO - _on_mqtt_connected called
2025-09-19 10:59:53,472 - INFO - Connecting to Hub...
2025-09-19 10:59:53,472 - INFO - Cleared all pending method requests due to disconnect
2025-09-19 10:59:53,472 - INFO - MQTTTransportStage: _on_mqtt_disconnect called: The connection was lost.
2025-09-19 10:59:53,473 - WARNING - Exception caught in background thread.  Unable to handle.
2025-09-19 10:59:53,473 - WARNING - ['azure.iot.device.common.transport_exceptions.ConnectionDroppedError: Unexpected disconnection\n']
2025-09-19 10:59:53,473 - INFO - Connection State - Connected
2025-09-19 10:59:53,473 - INFO - MQTTTransportStage: Unexpected disconnect (no pending connection op)
2025-09-19 10:59:53,473 - INFO - Connection State - Disconnected
2025-09-19 10:59:53,474 - INFO - Cleared all pending method requests due to disconnect
2025-09-19 10:59:53,474 - INFO - Connect using port 8883 (TCP)
2025-09-19 10:59:53,474 - WARNING - Exception caught in background thread.  Unable to handle.
2025-09-19 10:59:53,474 - WARNING - ['azure.iot.device.common.transport_exceptions.ConnectionDroppedError: Unexpected disconnection\n']
2025-09-19 10:59:53,674 - INFO - connected with result code: 0
2025-09-19 10:59:53,677 - INFO - disconnected with result code: 7
2025-09-19 10:59:53,677 - INFO - Forcing paho disconnect to prevent it from automatically reconnecting
2025-09-19 10:59:54,297 - INFO - _on_mqtt_connected called
2025-09-19 10:59:54,299 - INFO - MQTTTransportStage: _on_mqtt_disconnect called: The connection was lost.
2025-09-19 10:59:54,300 - INFO - Connection State - Connected
2025-09-19 10:59:54,304 - INFO - MQTTTransportStage: Unexpected disconnect (no pending connection op)
2025-09-19 10:59:54,304 - INFO - Connection State - Disconnected
2025-09-19 10:59:54,307 - INFO - _on_mqtt_connected called
2025-09-19 10:59:54,308 - INFO - Cleared all pending method requests due to disconnect
2025-09-19 10:59:54,309 - INFO - MQTTTransportStage: _on_mqtt_disconnect called: The connection was lost.
2025-09-19 10:59:54,311 - WARNING - Exception caught in background thread.  Unable to handle.
2025-09-19 10:59:54,314 - WARNING - ['azure.iot.device.common.transport_exceptions.ConnectionDroppedError: Unexpected disconnection\n']
2025-09-19 10:59:54,315 - INFO - MQTTTransportStage: Unexpected disconnect (no pending connection op)
2025-09-19 10:59:54,316 - INFO - Connection State - Connected
2025-09-19 10:59:54,320 - INFO - Connection State - Disconnected
2025-09-19 10:59:54,321 - INFO - Connect using port 8883 (TCP)
2025-09-19 10:59:54,321 - INFO - Cleared all pending method requests due to disconnect
2025-09-19 10:59:54,322 - WARNING - Exception caught in background thread.  Unable to handle.
2025-09-19 10:59:54,323 - WARNING - ['azure.iot.device.common.transport_exceptions.ConnectionDroppedError: Unexpected disconnection\n']
2025-09-19 10:59:54,560 - INFO - disconnected with result code: 7
2025-09-19 10:59:54,561 - INFO - Forcing paho disconnect to prevent it from automatically reconnecting
2025-09-19 10:59:54,565 - INFO - connected with result code: 0
2025-09-19 10:59:55,151 - INFO - Connect using port 8883 (TCP)
2025-09-19 10:59:55,416 - INFO - connected with result code: 0
2025-09-19 10:59:55,424 - INFO - disconnected with result code: 7
2025-09-19 10:59:55,426 - INFO - Forcing paho disconnect to prevent it from automatically reconnecting
2025-09-19 10:59:55,988 - INFO - Connect using port 8883 (TCP)
2025-09-19 10:59:56,247 - INFO - connected with result code: 0
2025-09-19 10:59:56,249 - INFO - disconnected with result code: 7
2025-09-19 10:59:56,251 - INFO - Forcing paho disconnect to prevent it from automatically reconnecting
2025-09-19 10:59:56,870 - INFO - Connect using port 8883 (TCP)
2025-09-19 10:59:57,135 - INFO - disconnected with result code: 7
2025-09-19 10:59:57,137 - INFO - Forcing paho disconnect to prevent it from automatically reconnecting
2025-09-19 10:59:57,138 - INFO - connected with result code: 0
2025-09-19 10:59:57,709 - INFO - Connect using port 8883 (TCP)
2025-09-19 10:59:57,974 - INFO - disconnected with result code: 7
2025-09-19 10:59:57,976 - INFO - Forcing paho disconnect to prevent it from automatically reconnecting
2025-09-19 10:59:57,992 - INFO - connected with result code: 0
2025-09-19 10:59:58,540 - INFO - _on_mqtt_connected called
2025-09-19 10:59:58,542 - INFO - MQTTTransportStage: _on_mqtt_disconnect called: The connection was lost.
2025-09-19 10:59:58,542 - INFO - Connection State - Connected
2025-09-19 10:59:58,546 - INFO - MQTTTransportStage: Unexpected disconnect (no pending connection op)
2025-09-19 10:59:58,546 - INFO - Connection State - Disconnected
2025-09-19 10:59:58,548 - INFO - Cleared all pending method requests due to disconnect
2025-09-19 10:59:58,548 - INFO - Connect using port 8883 (TCP)
2025-09-19 10:59:58,549 - WARNING - Exception caught in background thread.  Unable to handle.
2025-09-19 10:59:58,551 - WARNING - ['azure.iot.device.common.transport_exceptions.ConnectionDroppedError: Unexpected disconnection\n']
2025-09-19 10:59:58,810 - INFO - connected with result code: 0
2025-09-19 10:59:58,813 - INFO - disconnected with result code: 7
2025-09-19 10:59:58,813 - INFO - Forcing paho disconnect to prevent it from automatically reconnecting
2025-09-19 10:59:59,352 - INFO - Connect using port 8883 (TCP)
2025-09-19 10:59:59,611 - INFO - connected with result code: 0
2025-09-19 10:59:59,621 - INFO - disconnected with result code: 7
2025-09-19 10:59:59,624 - INFO - Forcing paho disconnect to prevent it from automatically reconnecting
2025-09-19 11:00:00,181 - INFO - MQTTTransportStage: _on_mqtt_disconnect called: The connection was lost.
2025-09-19 11:00:00,186 - INFO - MQTTTransportStage: Unexpected disconnect (no pending connection op)
2025-09-19 11:00:00,186 - INFO - Connection State - Disconnected
2025-09-19 11:00:00,188 - INFO - _on_mqtt_connected called
2025-09-19 11:00:00,190 - INFO - Cleared all pending method requests due to disconnect
2025-09-19 11:00:00,192 - INFO - _on_mqtt_connected called
2025-09-19 11:00:00,194 - WARNING - Exception caught in background thread.  Unable to handle.
2025-09-19 11:00:00,197 - INFO - MQTTTransportStage: _on_mqtt_disconnect called: The connection was lost.
2025-09-19 11:00:00,198 - WARNING - ['azure.iot.device.common.transport_exceptions.ConnectionDroppedError: Unexpected disconnection\n']
2025-09-19 11:00:00,202 - INFO - Connection State - Connected
2025-09-19 11:00:00,204 - INFO - MQTTTransportStage: Unexpected disconnect (no pending connection op)
2025-09-19 11:00:00,205 - INFO - Connection State - Connected
2025-09-19 11:00:00,208 - INFO - _on_mqtt_connected called
2025-09-19 11:00:00,210 - INFO - Connection State - Disconnected
2025-09-19 11:00:00,212 - INFO - MQTTTransportStage: _on_mqtt_disconnect called: The connection was lost.
2025-09-19 11:00:00,215 - INFO - Cleared all pending method requests due to disconnect
2025-09-19 11:00:00,218 - WARNING - Exception caught in background thread.  Unable to handle.
2025-09-19 11:00:00,220 - INFO - MQTTTransportStage: Unexpected disconnect (no pending connection op)
2025-09-19 11:00:00,220 - WARNING - ['azure.iot.device.common.transport_exceptions.ConnectionDroppedError: Unexpected disconnection\n']
2025-09-19 11:00:00,222 - INFO - MQTTTransportStage: _on_mqtt_disconnect called: The connection was lost.
2025-09-19 11:00:00,224 - INFO - Connection State - Connected
2025-09-19 11:00:00,228 - INFO - Connection State - Disconnected
2025-09-19 11:00:00,230 - INFO - MQTTTransportStage: Unexpected disconnect (no pending connection op)
2025-09-19 11:00:00,231 - INFO - Cleared all pending method requests due to disconnect
2025-09-19 11:00:00,232 - INFO - _on_mqtt_connected called
2025-09-19 11:00:00,234 - WARNING - Exception caught in background thread.  Unable to handle.
2025-09-19 11:00:00,235 - INFO - MQTTTransportStage: _on_mqtt_disconnect called: The connection was lost.
2025-09-19 11:00:00,237 - WARNING - ['azure.iot.device.common.transport_exceptions.ConnectionDroppedError: Unexpected disconnection\n']
2025-09-19 11:00:00,240 - INFO - Connection State - Disconnected
2025-09-19 11:00:00,240 - INFO - MQTTTransportStage: Unexpected disconnect (no pending connection op)
2025-09-19 11:00:00,241 - INFO - Cleared all pending method requests due to disconnect
2025-09-19 11:00:00,243 - INFO - _on_mqtt_connected called
2025-09-19 11:00:00,243 - WARNING - Exception caught in background thread.  Unable to handle.
2025-09-19 11:00:00,247 - WARNING - ['azure.iot.device.common.transport_exceptions.ConnectionDroppedError: Unexpected disconnection\n']
2025-09-19 11:00:00,247 - INFO - Connect using port 8883 (TCP)
2025-09-19 11:00:00,248 - INFO - Connection State - Connected
2025-09-19 11:00:00,250 - INFO - Connection State - Disconnected
2025-09-19 11:00:00,251 - INFO - Successfully connected to Hub
2025-09-19 11:00:00,252 - INFO - Cleared all pending method requests due to disconnect
2025-09-19 11:00:00,253 - WARNING - Exception caught in background thread.  Unable to handle.
2025-09-19 11:00:00,255 - WARNING - ['azure.iot.device.common.transport_exceptions.ConnectionDroppedError: Unexpected disconnection\n']
2025-09-19 11:00:00,256 - INFO - Connection State - Connected
2025-09-19 11:00:00,446 - INFO - disconnected with result code: 7
2025-09-19 11:00:00,449 - INFO - Forcing paho disconnect to prevent it from automatically reconnecting
2025-09-19 11:00:00,450 - INFO - connected with result code: 0
2025-09-19 11:00:01,132 - INFO - _on_mqtt_connected called
2025-09-19 11:00:01,133 - INFO - MQTTTransportStage: _on_mqtt_disconnect called: The connection was lost.
2025-09-19 11:00:01,134 - INFO - Connection State - Connected
2025-09-19 11:00:01,137 - INFO - MQTTTransportStage: Unexpected disconnect (no pending connection op)
2025-09-19 11:00:01,138 - INFO - Connection State - Disconnected
2025-09-19 11:00:01,140 - INFO - _on_mqtt_connected called
2025-09-19 11:00:01,141 - INFO - Cleared all pending method requests due to disconnect
2025-09-19 11:00:01,142 - INFO - MQTTTransportStage: _on_mqtt_disconnect called: The connection was lost.
2025-09-19 11:00:01,144 - WARNING - Exception caught in background thread.  Unable to handle.
2025-09-19 11:00:01,147 - WARNING - ['azure.iot.device.common.transport_exceptions.ConnectionDroppedError: Unexpected disconnection\n']
2025-09-19 11:00:01,148 - INFO - MQTTTransportStage: Unexpected disconnect (no pending connection op)
2025-09-19 11:00:01,149 - INFO - Connection State - Connected
2025-09-19 11:00:01,152 - INFO - Connect using port 8883 (TCP)
2025-09-19 11:00:01,153 - INFO - Connection State - Disconnected
2025-09-19 11:00:01,157 - INFO - Cleared all pending method requests due to disconnect
2025-09-19 11:00:01,159 - WARNING - Exception caught in background thread.  Unable to handle.
2025-09-19 11:00:01,160 - WARNING - ['azure.iot.device.common.transport_exceptions.ConnectionDroppedError: Unexpected disconnection\n']
2025-09-19 11:00:01,396 - INFO - connected with result code: 0
2025-09-19 11:00:01,400 - INFO - disconnected with result code: 7
2025-09-19 11:00:01,402 - INFO - Forcing paho disconnect to prevent it from automatically reconnecting
2025-09-19 11:00:01,994 - INFO - Connect using port 8883 (TCP)
2025-09-19 11:00:02,253 - INFO - connected with result code: 0
2025-09-19 11:00:02,270 - INFO - disconnected with result code: 7
2025-09-19 11:00:02,273 - INFO - Forcing paho disconnect to prevent it from automatically reconnecting
2025-09-19 11:00:02,807 - INFO - Connect using port 8883 (TCP)
2025-09-19 11:00:03,071 - INFO - connected with result code: 0
2025-09-19 11:00:03,076 - INFO - disconnected with result code: 7
2025-09-19 11:00:03,078 - INFO - Forcing paho disconnect to prevent it from automatically reconnecting
2025-09-19 11:00:03,614 - INFO - Connect using port 8883 (TCP)
2025-09-19 11:00:03,872 - INFO - connected with result code: 0
2025-09-19 11:00:03,876 - INFO - disconnected with result code: 7
2025-09-19 11:00:03,877 - INFO - Forcing paho disconnect to prevent it from automatically reconnecting
2025-09-19 11:00:04,483 - INFO - Connect using port 8883 (TCP)
2025-09-19 11:00:04,704 - INFO - connected with result code: 0
2025-09-19 11:00:04,714 - INFO - disconnected with result code: 7
2025-09-19 11:00:04,714 - INFO - Forcing paho disconnect to prevent it from automatically reconnecting
2025-09-19 11:00:05,398 - INFO - MQTTTransportStage: _on_mqtt_disconnect called: The connection was lost.
2025-09-19 11:00:05,402 - INFO - MQTTTransportStage: Unexpected disconnect (no pending connection op)
2025-09-19 11:00:05,403 - INFO - Connection State - Disconnected
2025-09-19 11:00:05,405 - INFO - _on_mqtt_connected called
2025-09-19 11:00:05,407 - INFO - Cleared all pending method requests due to disconnect
2025-09-19 11:00:05,412 - WARNING - Exception caught in background thread.  Unable to handle.
2025-09-19 11:00:05,413 - INFO - Connect using port 8883 (TCP)
2025-09-19 11:00:05,414 - WARNING - ['azure.iot.device.common.transport_exceptions.ConnectionDroppedError: Unexpected disconnection\n']
2025-09-19 11:00:05,416 - INFO - Connection State - Connected
2025-09-19 11:00:05,678 - INFO - disconnected with result code: 7
2025-09-19 11:00:05,680 - INFO - connected with result code: 0
2025-09-19 11:00:05,681 - INFO - Forcing paho disconnect to prevent it from automatically reconnecting
2025-09-19 11:00:06,218 - INFO - Connect using port 8883 (TCP)
2025-09-19 11:00:06,486 - INFO - connected with result code: 0
2025-09-19 11:00:06,496 - INFO - disconnected with result code: 7
2025-09-19 11:00:06,497 - INFO - Forcing paho disconnect to prevent it from automatically reconnecting
2025-09-19 11:00:07,018 - INFO - _on_mqtt_connected called
2025-09-19 11:00:07,019 - INFO - MQTTTransportStage: _on_mqtt_disconnect called: The connection was lost.
2025-09-19 11:00:07,019 - INFO - Connection State - Connected
2025-09-19 11:00:07,020 - INFO - MQTTTransportStage: Unexpected disconnect (no pending connection op)
2025-09-19 11:00:07,020 - INFO - Connection State - Disconnected
2025-09-19 11:00:07,021 - INFO - _on_mqtt_connected called
2025-09-19 11:00:07,021 - INFO - Cleared all pending method requests due to disconnect
2025-09-19 11:00:07,021 - INFO - MQTTTransportStage: _on_mqtt_disconnect called: The connection was lost.
2025-09-19 11:00:07,023 - WARNING - Exception caught in background thread.  Unable to handle.
2025-09-19 11:00:07,024 - INFO - MQTTTransportStage: Unexpected disconnect (no pending connection op)
2025-09-19 11:00:07,024 - WARNING - ['azure.iot.device.common.transport_exceptions.ConnectionDroppedError: Unexpected disconnection\n']
2025-09-19 11:00:07,024 - INFO - _on_mqtt_connected called
2025-09-19 11:00:07,024 - INFO - Connection State - Connected
2025-09-19 11:00:07,025 - INFO - MQTTTransportStage: _on_mqtt_disconnect called: The connection was lost.
2025-09-19 11:00:07,025 - INFO - Connection State - Disconnected
2025-09-19 11:00:07,025 - INFO - Cleared all pending method requests due to disconnect
2025-09-19 11:00:07,026 - INFO - MQTTTransportStage: Unexpected disconnect (no pending connection op)
2025-09-19 11:00:07,026 - WARNING - Exception caught in background thread.  Unable to handle.
2025-09-19 11:00:07,027 - INFO - _on_mqtt_connected called
2025-09-19 11:00:07,027 - WARNING - ['azure.iot.device.common.transport_exceptions.ConnectionDroppedError: Unexpected disconnection\n']
2025-09-19 11:00:07,028 - INFO - MQTTTransportStage: _on_mqtt_disconnect called: The connection was lost.
2025-09-19 11:00:07,028 - INFO - Connection State - Connected
2025-09-19 11:00:07,029 - INFO - MQTTTransportStage: Unexpected disconnect (no pending connection op)
2025-09-19 11:00:07,030 - INFO - Connection State - Disconnected
2025-09-19 11:00:07,031 - INFO - Cleared all pending method requests due to disconnect
2025-09-19 11:00:07,031 - WARNING - Exception caught in background thread.  Unable to handle.
2025-09-19 11:00:07,032 - INFO - Creating client for connecting using MQTT over TCP
2025-09-19 11:00:07,032 - WARNING - ['azure.iot.device.common.transport_exceptions.ConnectionDroppedError: Unexpected disconnection\n']
2025-09-19 11:00:07,034 - INFO - Connection State - Connected
2025-09-19 11:00:07,049 - INFO - Connection State - Disconnected
2025-09-19 11:00:07,049 - INFO - _on_mqtt_connected called
2025-09-19 11:00:07,049 - INFO - Cleared all pending method requests due to disconnect
2025-09-19 11:00:07,050 - INFO - MQTTTransportStage: _on_mqtt_disconnect called: The connection was lost.
2025-09-19 11:00:07,050 - WARNING - Exception caught in background thread.  Unable to handle.
2025-09-19 11:00:07,050 - WARNING - ['azure.iot.device.common.transport_exceptions.ConnectionDroppedError: Unexpected disconnection\n']
2025-09-19 11:00:07,050 - INFO - MQTTTransportStage: Unexpected disconnect (no pending connection op)
2025-09-19 11:00:07,050 - INFO - Connection State - Connected
2025-09-19 11:00:07,051 - INFO - Connect using port 8883 (TCP)
2025-09-19 11:00:07,051 - INFO - Connection State - Disconnected
2025-09-19 11:00:07,051 - INFO - Cleared all pending method requests due to disconnect
2025-09-19 11:00:07,051 - WARNING - Exception caught in background thread.  Unable to handle.
2025-09-19 11:00:07,052 - WARNING - ['azure.iot.device.common.transport_exceptions.ConnectionDroppedError: Unexpected disconnection\n']
2025-09-19 11:00:07,052 - INFO - Connecting to Hub...
2025-09-19 11:00:07,283 - INFO - connected with result code: 0
2025-09-19 11:00:07,285 - INFO - disconnected with result code: 7
2025-09-19 11:00:07,287 - INFO - Forcing paho disconnect to prevent it from automatically reconnecting
2025-09-19 11:00:07,869 - INFO - _on_mqtt_connected called
2025-09-19 11:00:07,872 - INFO - MQTTTransportStage: _on_mqtt_disconnect called: The connection was lost.
2025-09-19 11:00:07,873 - INFO - Connection State - Connected
2025-09-19 11:00:07,877 - INFO - MQTTTransportStage: Unexpected disconnect (no pending connection op)
2025-09-19 11:00:07,877 - INFO - Connection State - Disconnected
2025-09-19 11:00:07,879 - INFO - _on_mqtt_connected called
2025-09-19 11:00:07,881 - INFO - Cleared all pending method requests due to disconnect
2025-09-19 11:00:07,883 - INFO - MQTTTransportStage: _on_mqtt_disconnect called: The connection was lost.
2025-09-19 11:00:07,884 - WARNING - Exception caught in background thread.  Unable to handle.
2025-09-19 11:00:07,889 - WARNING - ['azure.iot.device.common.transport_exceptions.ConnectionDroppedError: Unexpected disconnection\n']
2025-09-19 11:00:07,891 - INFO - MQTTTransportStage: Unexpected disconnect (no pending connection op)
2025-09-19 11:00:07,892 - INFO - Connection State - Connected
2025-09-19 11:00:07,896 - INFO - Connection State - Disconnected
2025-09-19 11:00:07,897 - INFO - Connect using port 8883 (TCP)
2025-09-19 11:00:07,898 - INFO - Cleared all pending method requests due to disconnect
2025-09-19 11:00:07,902 - WARNING - Exception caught in background thread.  Unable to handle.
2025-09-19 11:00:07,904 - WARNING - ['azure.iot.device.common.transport_exceptions.ConnectionDroppedError: Unexpected disconnection\n']
2025-09-19 11:00:08,134 - INFO - connected with result code: 0
2025-09-19 11:00:08,144 - INFO - disconnected with result code: 7
2025-09-19 11:00:08,145 - INFO - Forcing paho disconnect to prevent it from automatically reconnecting
2025-09-19 11:00:08,733 - INFO - Connect using port 8883 (TCP)
2025-09-19 11:00:08,995 - INFO - connected with result code: 0
2025-09-19 11:00:08,997 - INFO - disconnected with result code: 7
2025-09-19 11:00:08,998 - INFO - Forcing paho disconnect to prevent it from automatically reconnecting
2025-09-19 11:00:09,612 - INFO - Connect using port 8883 (TCP)
2025-09-19 11:00:09,873 - INFO - disconnected with result code: 7
2025-09-19 11:00:09,873 - INFO - Forcing paho disconnect to prevent it from automatically reconnecting
2025-09-19 11:00:09,891 - INFO - connected with result code: 0
2025-09-19 11:00:10,443 - INFO - Connect using port 8883 (TCP)
2025-09-19 11:00:10,702 - INFO - disconnected with result code: 7
2025-09-19 11:00:10,704 - INFO - Forcing paho disconnect to prevent it from automatically reconnecting
2025-09-19 11:00:10,707 - INFO - connected with result code: 0
2025-09-19 11:00:11,314 - INFO - Connect using port 8883 (TCP)
2025-09-19 11:00:11,575 - INFO - disconnected with result code: 7
2025-09-19 11:00:11,577 - INFO - Forcing paho disconnect to prevent it from automatically reconnecting
2025-09-19 11:00:11,579 - INFO - connected with result code: 0
2025-09-19 11:00:12,171 - INFO - Connect using port 8883 (TCP)
2025-09-19 11:00:12,433 - INFO - connected with result code: 0
2025-09-19 11:00:12,444 - INFO - disconnected with result code: 7
2025-09-19 11:00:12,448 - INFO - Forcing paho disconnect to prevent it from automatically reconnecting
2025-09-19 11:00:13,023 - INFO - _on_mqtt_connected called
2025-09-19 11:00:13,030 - INFO - MQTTTransportStage: _on_mqtt_disconnect called: The connection was lost.
2025-09-19 11:00:13,031 - INFO - Connection State - Connected
2025-09-19 11:00:13,042 - INFO - MQTTTransportStage: Unexpected disconnect (no pending connection op)
2025-09-19 11:00:13,043 - INFO - Connection State - Disconnected
2025-09-19 11:00:13,050 - INFO - Cleared all pending method requests due to disconnect
2025-09-19 11:00:13,053 - WARNING - Exception caught in background thread.  Unable to handle.
2025-09-19 11:00:13,055 - INFO - Connect using port 8883 (TCP)
2025-09-19 11:00:13,058 - WARNING - ['azure.iot.device.common.transport_exceptions.ConnectionDroppedError: Unexpected disconnection\n']
2025-09-19 11:00:13,286 - INFO - connected with result code: 0
2025-09-19 11:00:13,289 - INFO - disconnected with result code: 7
2025-09-19 11:00:13,293 - INFO - Forcing paho disconnect to prevent it from automatically reconnecting
2025-09-19 11:00:13,916 - INFO - Connect using port 8883 (TCP)
2025-09-19 11:00:14,180 - INFO - connected with result code: 0
2025-09-19 11:00:14,195 - INFO - disconnected with result code: 7
2025-09-19 11:00:14,199 - INFO - Forcing paho disconnect to prevent it from automatically reconnecting
2025-09-19 11:00:14,774 - INFO - _on_mqtt_connected called
2025-09-19 11:00:14,776 - INFO - MQTTTransportStage: _on_mqtt_disconnect called: The connection was lost.
2025-09-19 11:00:14,777 - INFO - Connection State - Connected
2025-09-19 11:00:14,783 - INFO - MQTTTransportStage: Unexpected disconnect (no pending connection op)
2025-09-19 11:00:14,784 - INFO - Connection State - Disconnected
2025-09-19 11:00:14,785 - INFO - _on_mqtt_connected called
2025-09-19 11:00:14,785 - INFO - Cleared all pending method requests due to disconnect
2025-09-19 11:00:14,786 - INFO - MQTTTransportStage: _on_mqtt_disconnect called: The connection was lost.
2025-09-19 11:00:14,787 - WARNING - Exception caught in background thread.  Unable to handle.
2025-09-19 11:00:14,788 - WARNING - ['azure.iot.device.common.transport_exceptions.ConnectionDroppedError: Unexpected disconnection\n']
2025-09-19 11:00:14,789 - INFO - MQTTTransportStage: Unexpected disconnect (no pending connection op)
2025-09-19 11:00:14,789 - INFO - Connection State - Connected
2025-09-19 11:00:14,789 - INFO - MQTTTransportStage: _on_mqtt_disconnect called: The connection was lost.
2025-09-19 11:00:14,790 - INFO - Connection State - Disconnected
2025-09-19 11:00:14,791 - INFO - Cleared all pending method requests due to disconnect
2025-09-19 11:00:14,791 - INFO - MQTTTransportStage: Unexpected disconnect (no pending connection op)
2025-09-19 11:00:14,791 - WARNING - Exception caught in background thread.  Unable to handle.
2025-09-19 11:00:14,792 - INFO - _on_mqtt_connected called
2025-09-19 11:00:14,792 - WARNING - ['azure.iot.device.common.transport_exceptions.ConnectionDroppedError: Unexpected disconnection\n']
2025-09-19 11:00:14,793 - INFO - MQTTTransportStage: _on_mqtt_disconnect called: The connection was lost.
2025-09-19 11:00:14,793 - INFO - Connection State - Disconnected
2025-09-19 11:00:14,794 - INFO - Cleared all pending method requests due to disconnect
2025-09-19 11:00:14,795 - INFO - MQTTTransportStage: Unexpected disconnect (no pending connection op)
2025-09-19 11:00:14,795 - WARNING - Exception caught in background thread.  Unable to handle.
2025-09-19 11:00:14,796 - INFO - _on_mqtt_connected called
2025-09-19 11:00:14,796 - WARNING - ['azure.iot.device.common.transport_exceptions.ConnectionDroppedError: Unexpected disconnection\n']
2025-09-19 11:00:14,796 - INFO - MQTTTransportStage: _on_mqtt_disconnect called: The connection was lost.
2025-09-19 11:00:14,797 - INFO - Connection State - Connected
2025-09-19 11:00:14,798 - INFO - Connection State - Disconnected
2025-09-19 11:00:14,798 - INFO - MQTTTransportStage: Unexpected disconnect (no pending connection op)
2025-09-19 11:00:14,798 - INFO - Cleared all pending method requests due to disconnect
2025-09-19 11:00:14,799 - INFO - _on_mqtt_connected called
2025-09-19 11:00:14,799 - WARNING - Exception caught in background thread.  Unable to handle.
2025-09-19 11:00:14,800 - INFO - _on_mqtt_connected called
2025-09-19 11:00:14,800 - WARNING - ['azure.iot.device.common.transport_exceptions.ConnectionDroppedError: Unexpected disconnection\n']
2025-09-19 11:00:14,801 - INFO - MQTTTransportStage: _on_mqtt_disconnect called: The connection was lost.
2025-09-19 11:00:14,801 - INFO - Connection State - Connected
2025-09-19 11:00:14,802 - INFO - Connection State - Disconnected
2025-09-19 11:00:14,802 - INFO - MQTTTransportStage: Unexpected disconnect (no pending connection op)
2025-09-19 11:00:14,803 - INFO - Cleared all pending method requests due to disconnect
2025-09-19 11:00:14,804 - WARNING - Exception caught in background thread.  Unable to handle.
2025-09-19 11:00:14,804 - INFO - Connect using port 8883 (TCP)
2025-09-19 11:00:14,804 - WARNING - ['azure.iot.device.common.transport_exceptions.ConnectionDroppedError: Unexpected disconnection\n']
2025-09-19 11:00:14,805 - INFO - Connection State - Connected
2025-09-19 11:00:14,805 - INFO - Connection State - Connected
2025-09-19 11:00:14,806 - INFO - Connection State - Disconnected
2025-09-19 11:00:14,806 - INFO - Successfully connected to Hub
2025-09-19 11:00:14,807 - INFO - Cleared all pending method requests due to disconnect
2025-09-19 11:00:14,808 - WARNING - Exception caught in background thread.  Unable to handle.
2025-09-19 11:00:14,808 - WARNING - ['azure.iot.device.common.transport_exceptions.ConnectionDroppedError: Unexpected disconnection\n']
2025-09-19 11:00:14,811 - INFO - Sending message to Hub...
2025-09-19 11:00:14,812 - INFO - Sending message to Hub...
2025-09-19 11:00:14,813 - INFO - Sending message to Hub...
2025-09-19 11:00:14,814 - INFO - Sending message to Hub...
2025-09-19 11:00:14,816 - INFO - Sending message to Hub...
2025-09-19 11:00:14,817 - INFO - Sending message to Hub...
2025-09-19 11:00:14,818 - INFO - Sending message to Hub...
2025-09-19 11:00:14,820 - INFO - Sending message to Hub...
2025-09-19 11:00:14,821 - INFO - Sending message to Hub...
2025-09-19 11:00:14,823 - INFO - Sending message to Hub...
2025-09-19 11:00:14,826 - INFO - Disconnecting from Hub...
2025-09-19 11:00:15,034 - INFO - disconnected with result code: 7
2025-09-19 11:00:15,038 - INFO - Forcing paho disconnect to prevent it from automatically reconnecting
2025-09-19 11:00:15,040 - INFO - connected with result code: 0
2025-09-19 11:00:15,602 - INFO - _on_mqtt_connected called
2025-09-19 11:00:15,603 - INFO - MQTTTransportStage: _on_mqtt_disconnect called: The connection was lost.
2025-09-19 11:00:15,603 - INFO - Connection State - Connected
2025-09-19 11:00:15,605 - INFO - MQTTTransportStage: Unexpected disconnect (no pending connection op)
2025-09-19 11:00:15,605 - INFO - Connection State - Disconnected
2025-09-19 11:00:15,605 - INFO - _on_mqtt_connected called
2025-09-19 11:00:15,606 - INFO - Cleared all pending method requests due to disconnect
2025-09-19 11:00:15,606 - INFO - MQTTTransportStage: _on_mqtt_disconnect called: The connection was lost.
2025-09-19 11:00:15,607 - WARNING - Exception caught in background thread.  Unable to handle.
2025-09-19 11:00:15,608 - WARNING - ['azure.iot.device.common.transport_exceptions.ConnectionDroppedError: Unexpected disconnection\n']
2025-09-19 11:00:15,609 - INFO - MQTTTransportStage: Unexpected disconnect (no pending connection op)
2025-09-19 11:00:15,609 - INFO - Connection State - Connected
2025-09-19 11:00:15,610 - INFO - Connection State - Disconnected
2025-09-19 11:00:15,610 - INFO - Connect using port 8883 (TCP)
2025-09-19 11:00:15,611 - INFO - Cleared all pending method requests due to disconnect
2025-09-19 11:00:15,612 - WARNING - Exception caught in background thread.  Unable to handle.
2025-09-19 11:00:15,612 - WARNING - ['azure.iot.device.common.transport_exceptions.ConnectionDroppedError: Unexpected disconnection\n']
2025-09-19 11:00:15,866 - INFO - connected with result code: 0
2025-09-19 11:00:15,868 - INFO - disconnected with result code: 7
2025-09-19 11:00:15,870 - INFO - Forcing paho disconnect to prevent it from automatically reconnecting
2025-09-19 11:00:23,916 - INFO - Loaded 10 devices
2025-09-19 11:00:26,576 - INFO - API Request - IP: 127.0.0.1 | Endpoint: /api/devices | Method: GET | Details: Fetching all devices
2025-09-19 11:01:26,529 - INFO - API Request - IP: 127.0.0.1 | Endpoint: /api/devices | Method: GET | Details: Fetching all devices
2025-09-19 11:01:38,731 - INFO - API Request - IP: 127.0.0.1 | Endpoint: /api/devices | Method: GET | Details: Fetching all devices
2025-09-19 11:01:41,657 - INFO - API Request - IP: 127.0.0.1 | Endpoint: /api/devices/connect | Method: POST | Details: Connecting devices: ['med-ecg-001']
2025-09-19 11:01:41,679 - INFO - Creating client for connecting using MQTT over TCP
2025-09-19 11:01:41,705 - INFO - Connecting to Hub...
2025-09-19 11:01:41,708 - INFO - Connect using port 8883 (TCP)
2025-09-19 11:01:42,867 - INFO - connected with result code: 0
2025-09-19 11:01:42,868 - INFO - _on_mqtt_connected called
2025-09-19 11:01:42,869 - INFO - Connection State - Connected
2025-09-19 11:01:42,870 - INFO - Successfully connected to Hub
2025-09-19 11:01:42,879 - INFO - API Request - IP: 127.0.0.1 | Endpoint: /api/devices | Method: GET | Details: Fetching all devices
2025-09-19 11:01:45,012 - INFO - API Request - IP: 127.0.0.1 | Endpoint: /api/messages/send | Method: POST | Details: Sending normal message to med-ecg-001
2025-09-19 11:01:45,013 - INFO - Sending message to Hub...
2025-09-19 11:01:45,014 - INFO - publishing on devices/med-ecg-001/messages/events/%24.ct=application%2Fjson&%24.ce=utf-8&messageType=normal&priority=normal&userIP=127.0.0.1
2025-09-19 11:01:45,443 - INFO - payload published for 1
2025-09-19 11:01:45,444 - INFO - Successfully sent message to Hub
2025-09-19 11:02:24,763 - INFO - API Request - IP: 127.0.0.1 | Endpoint: /api/devices | Method: GET | Details: Fetching all devices
2025-09-19 11:02:35,122 - INFO - 2 changes detected
2025-09-19 11:02:54,795 - INFO - API Request - IP: 127.0.0.1 | Endpoint: /api/messages/send | Method: POST | Details: Sending normal message to med-infusionpump-002
2025-09-19 11:02:54,846 - INFO - Creating client for connecting using MQTT over TCP
2025-09-19 11:02:54,932 - INFO - Connecting to Hub...
2025-09-19 11:02:54,934 - INFO - Connect using port 8883 (TCP)
2025-09-19 11:02:56,132 - INFO - connected with result code: 0
2025-09-19 11:02:56,136 - INFO - _on_mqtt_connected called
2025-09-19 11:02:56,141 - INFO - Connection State - Connected
2025-09-19 11:02:56,144 - INFO - Successfully connected to Hub
2025-09-19 11:02:56,148 - INFO - Sending message to Hub...
2025-09-19 11:02:56,153 - INFO - publishing on devices/med-infusionpump-002/messages/events/%24.ct=application%2Fjson&%24.ce=utf-8&messageType=normal&priority=normal&userIP=127.0.0.1
2025-09-19 11:02:56,541 - INFO - payload published for 1
2025-09-19 11:02:56,546 - INFO - Successfully sent message to Hub
2025-09-19 11:02:59,876 - INFO - API Request - IP: 127.0.0.1 | Endpoint: /api/messages/send | Method: POST | Details: Sending status message to med-infusionpump-002
2025-09-19 11:02:59,877 - INFO - Sending message to Hub...
2025-09-19 11:02:59,878 - INFO - publishing on devices/med-infusionpump-002/messages/events/%24.ct=application%2Fjson&%24.ce=utf-8&messageType=status&priority=normal&userIP=127.0.0.1
2025-09-19 11:03:00,259 - INFO - payload published for 2
2025-09-19 11:03:00,260 - INFO - Successfully sent message to Hub
2025-09-19 11:03:27,245 - INFO - 1 change detected
2025-09-19 11:03:27,603 - INFO - 1 change detected
2025-09-19 11:08:03,465 - INFO - API Request - IP: 127.0.0.1 | Endpoint: /api/devices | Method: GET | Details: Fetching all devices
2025-09-19 11:18:10,551 - INFO - 1 change detected
2025-09-19 11:18:10,913 - INFO - 1 change detected
2025-09-19 11:18:14,511 - INFO - 1 change detected
2025-09-19 11:18:19,172 - INFO - 1 change detected
2025-09-19 11:18:19,529 - INFO - 1 change detected
2025-09-19 11:18:32,147 - INFO - 1 change detected
2025-09-19 11:19:14,599 - INFO - disconnected with result code: 7
2025-09-19 11:19:14,611 - INFO - Forcing paho disconnect to prevent it from automatically reconnecting
2025-09-19 11:19:14,614 - INFO - MQTTTransportStage: _on_mqtt_disconnect called: The connection was lost.
2025-09-19 11:19:14,617 - INFO - MQTTTransportStage: Unexpected disconnect (no pending connection op)
2025-09-19 11:19:14,617 - INFO - Connection State - Disconnected
2025-09-19 11:19:14,620 - INFO - Cleared all pending method requests due to disconnect
2025-09-19 11:19:14,622 - WARNING - Exception caught in background thread.  Unable to handle.
2025-09-19 11:19:14,624 - WARNING - ['azure.iot.device.common.transport_exceptions.ConnectionDroppedError: Unexpected disconnection\n']
2025-09-19 11:19:14,630 - INFO - Connect using port 8883 (TCP)
2025-09-19 11:19:14,633 - INFO - Forcing paho disconnect to prevent it from automatically reconnecting
2025-09-19 11:19:14,634 - INFO - transport.connect raised error
2025-09-19 11:19:14,716 - INFO - Traceback (most recent call last):
  File "C:\Users\debas\AppData\Local\Programs\Python\Python312\Lib\site-packages\azure\iot\device\common\mqtt_transport.py", line 396, in connect
    rc = self._mqtt_client.connect(
         ^^^^^^^^^^^^^^^^^^^^^^^^^^
  File "C:\Users\debas\AppData\Local\Programs\Python\Python312\Lib\site-packages\paho\mqtt\client.py", line 914, in connect
    return self.reconnect()
           ^^^^^^^^^^^^^^^^
  File "C:\Users\debas\AppData\Local\Programs\Python\Python312\Lib\site-packages\paho\mqtt\client.py", line 1044, in reconnect
    sock = self._create_socket_connection()
           ^^^^^^^^^^^^^^^^^^^^^^^^^^^^^^^^
  File "C:\Users\debas\AppData\Local\Programs\Python\Python312\Lib\site-packages\paho\mqtt\client.py", line 3685, in _create_socket_connection
    return socket.create_connection(addr, timeout=self._connect_timeout, source_address=source)
           ^^^^^^^^^^^^^^^^^^^^^^^^^^^^^^^^^^^^^^^^^^^^^^^^^^^^^^^^^^^^^^^^^^^^^^^^^^^^^^^^^^^^
  File "C:\Users\debas\AppData\Local\Programs\Python\Python312\Lib\socket.py", line 841, in create_connection
    for res in getaddrinfo(host, port, 0, SOCK_STREAM):
               ^^^^^^^^^^^^^^^^^^^^^^^^^^^^^^^^^^^^^^^
  File "C:\Users\debas\AppData\Local\Programs\Python\Python312\Lib\socket.py", line 976, in getaddrinfo
    for res in _socket.getaddrinfo(host, port, family, type, proto, flags):
               ^^^^^^^^^^^^^^^^^^^^^^^^^^^^^^^^^^^^^^^^^^^^^^^^^^^^^^^^^^^
socket.gaierror: [Errno 11001] getaddrinfo failed

The above exception was the direct cause of the following exception:

Traceback (most recent call last):
  File "C:\Users\debas\AppData\Local\Programs\Python\Python312\Lib\site-packages\azure\iot\device\common\pipeline\pipeline_stages_mqtt.py", line 206, in _run_op
    self.transport.connect(password=password)
  File "C:\Users\debas\AppData\Local\Programs\Python\Python312\Lib\site-packages\azure\iot\device\common\mqtt_transport.py", line 419, in connect
    raise exceptions.ConnectionFailedError() from e
azure.iot.device.common.transport_exceptions.ConnectionFailedError

2025-09-19 11:19:14,722 - WARNING - Exception caught in background thread.  Unable to handle.
2025-09-19 11:19:14,726 - WARNING - ['azure.iot.device.common.transport_exceptions.ConnectionFailedError\n']
2025-09-19 11:19:15,682 - INFO - disconnected with result code: 7
2025-09-19 11:19:15,683 - INFO - Forcing paho disconnect to prevent it from automatically reconnecting
2025-09-19 11:19:15,685 - INFO - MQTTTransportStage: _on_mqtt_disconnect called: The connection was lost.
2025-09-19 11:19:15,722 - INFO - MQTTTransportStage: Unexpected disconnect (no pending connection op)
2025-09-19 11:19:15,722 - INFO - Connection State - Disconnected
2025-09-19 11:19:15,723 - INFO - Cleared all pending method requests due to disconnect
2025-09-19 11:19:15,725 - WARNING - Exception caught in background thread.  Unable to handle.
2025-09-19 11:19:15,725 - WARNING - ['azure.iot.device.common.transport_exceptions.ConnectionDroppedError: Unexpected disconnection\n']
2025-09-19 11:19:15,757 - INFO - Connect using port 8883 (TCP)
2025-09-19 11:19:15,832 - INFO - Forcing paho disconnect to prevent it from automatically reconnecting
2025-09-19 11:19:15,837 - INFO - transport.connect raised error
2025-09-19 11:19:15,842 - INFO - Traceback (most recent call last):
  File "C:\Users\debas\AppData\Local\Programs\Python\Python312\Lib\site-packages\azure\iot\device\common\mqtt_transport.py", line 396, in connect
    rc = self._mqtt_client.connect(
         ^^^^^^^^^^^^^^^^^^^^^^^^^^
  File "C:\Users\debas\AppData\Local\Programs\Python\Python312\Lib\site-packages\paho\mqtt\client.py", line 914, in connect
    return self.reconnect()
           ^^^^^^^^^^^^^^^^
  File "C:\Users\debas\AppData\Local\Programs\Python\Python312\Lib\site-packages\paho\mqtt\client.py", line 1044, in reconnect
    sock = self._create_socket_connection()
           ^^^^^^^^^^^^^^^^^^^^^^^^^^^^^^^^
  File "C:\Users\debas\AppData\Local\Programs\Python\Python312\Lib\site-packages\paho\mqtt\client.py", line 3685, in _create_socket_connection
    return socket.create_connection(addr, timeout=self._connect_timeout, source_address=source)
           ^^^^^^^^^^^^^^^^^^^^^^^^^^^^^^^^^^^^^^^^^^^^^^^^^^^^^^^^^^^^^^^^^^^^^^^^^^^^^^^^^^^^
  File "C:\Users\debas\AppData\Local\Programs\Python\Python312\Lib\socket.py", line 841, in create_connection
    for res in getaddrinfo(host, port, 0, SOCK_STREAM):
               ^^^^^^^^^^^^^^^^^^^^^^^^^^^^^^^^^^^^^^^
  File "C:\Users\debas\AppData\Local\Programs\Python\Python312\Lib\socket.py", line 976, in getaddrinfo
    for res in _socket.getaddrinfo(host, port, family, type, proto, flags):
               ^^^^^^^^^^^^^^^^^^^^^^^^^^^^^^^^^^^^^^^^^^^^^^^^^^^^^^^^^^^
socket.gaierror: [Errno 11001] getaddrinfo failed

The above exception was the direct cause of the following exception:

Traceback (most recent call last):
  File "C:\Users\debas\AppData\Local\Programs\Python\Python312\Lib\site-packages\azure\iot\device\common\pipeline\pipeline_stages_mqtt.py", line 206, in _run_op
    self.transport.connect(password=password)
  File "C:\Users\debas\AppData\Local\Programs\Python\Python312\Lib\site-packages\azure\iot\device\common\mqtt_transport.py", line 419, in connect
    raise exceptions.ConnectionFailedError() from e
azure.iot.device.common.transport_exceptions.ConnectionFailedError

2025-09-19 11:19:15,860 - WARNING - Exception caught in background thread.  Unable to handle.
2025-09-19 11:19:15,861 - WARNING - ['azure.iot.device.common.transport_exceptions.ConnectionFailedError\n']
2025-09-19 11:19:24,735 - INFO - Connect using port 8883 (TCP)
2025-09-19 11:19:25,904 - INFO - Connect using port 8883 (TCP)
2025-09-19 11:19:26,002 - INFO - connected with result code: 0
2025-09-19 11:19:26,838 - INFO - _on_mqtt_connected called
2025-09-19 11:19:26,842 - INFO - Connection State - Connected
2025-09-19 11:19:27,116 - INFO - connected with result code: 0
2025-09-19 11:19:27,120 - INFO - _on_mqtt_connected called
2025-09-19 11:19:27,123 - INFO - Connection State - Connected
2025-09-19 11:39:36,867 - INFO - 1 change detected
2025-09-19 11:39:37,233 - INFO - 1 change detected
2025-09-19 11:39:37,995 - INFO - 1 change detected
2025-09-19 11:39:38,357 - INFO - 1 change detected
2025-09-19 11:39:50,109 - INFO - 1 change detected
2025-09-19 11:39:50,465 - INFO - 1 change detected
2025-09-19 11:40:03,339 - INFO - disconnected with result code: 7
2025-09-19 11:40:03,339 - INFO - disconnected with result code: 7
2025-09-19 11:40:03,340 - INFO - Forcing paho disconnect to prevent it from automatically reconnecting
2025-09-19 11:40:03,341 - INFO - Forcing paho disconnect to prevent it from automatically reconnecting
2025-09-19 11:40:03,341 - INFO - MQTTTransportStage: _on_mqtt_disconnect called: The connection was lost.
2025-09-19 11:40:03,342 - INFO - MQTTTransportStage: Unexpected disconnect (no pending connection op)
2025-09-19 11:40:03,342 - INFO - Connection State - Disconnected
2025-09-19 11:40:03,343 - INFO - MQTTTransportStage: _on_mqtt_disconnect called: The connection was lost.
2025-09-19 11:40:03,343 - INFO - Cleared all pending method requests due to disconnect
2025-09-19 11:40:03,343 - WARNING - Exception caught in background thread.  Unable to handle.
2025-09-19 11:40:03,343 - INFO - MQTTTransportStage: Unexpected disconnect (no pending connection op)
2025-09-19 11:40:03,344 - WARNING - ['azure.iot.device.common.transport_exceptions.ConnectionDroppedError: Unexpected disconnection\n']
2025-09-19 11:40:03,344 - INFO - Connection State - Disconnected
2025-09-19 11:40:03,344 - INFO - Cleared all pending method requests due to disconnect
2025-09-19 11:40:03,345 - WARNING - Exception caught in background thread.  Unable to handle.
2025-09-19 11:40:03,345 - WARNING - ['azure.iot.device.common.transport_exceptions.ConnectionDroppedError: Unexpected disconnection\n']
2025-09-19 11:40:03,362 - INFO - Connect using port 8883 (TCP)
2025-09-19 11:40:03,384 - INFO - Forcing paho disconnect to prevent it from automatically reconnecting
2025-09-19 11:40:03,384 - INFO - transport.connect raised error
2025-09-19 11:40:03,385 - INFO - Traceback (most recent call last):
  File "C:\Users\debas\AppData\Local\Programs\Python\Python312\Lib\site-packages\azure\iot\device\common\mqtt_transport.py", line 396, in connect
    rc = self._mqtt_client.connect(
         ^^^^^^^^^^^^^^^^^^^^^^^^^^
  File "C:\Users\debas\AppData\Local\Programs\Python\Python312\Lib\site-packages\paho\mqtt\client.py", line 914, in connect
    return self.reconnect()
           ^^^^^^^^^^^^^^^^
  File "C:\Users\debas\AppData\Local\Programs\Python\Python312\Lib\site-packages\paho\mqtt\client.py", line 1044, in reconnect
    sock = self._create_socket_connection()
           ^^^^^^^^^^^^^^^^^^^^^^^^^^^^^^^^
  File "C:\Users\debas\AppData\Local\Programs\Python\Python312\Lib\site-packages\paho\mqtt\client.py", line 3685, in _create_socket_connection
    return socket.create_connection(addr, timeout=self._connect_timeout, source_address=source)
           ^^^^^^^^^^^^^^^^^^^^^^^^^^^^^^^^^^^^^^^^^^^^^^^^^^^^^^^^^^^^^^^^^^^^^^^^^^^^^^^^^^^^
  File "C:\Users\debas\AppData\Local\Programs\Python\Python312\Lib\socket.py", line 841, in create_connection
    for res in getaddrinfo(host, port, 0, SOCK_STREAM):
               ^^^^^^^^^^^^^^^^^^^^^^^^^^^^^^^^^^^^^^^
  File "C:\Users\debas\AppData\Local\Programs\Python\Python312\Lib\socket.py", line 976, in getaddrinfo
    for res in _socket.getaddrinfo(host, port, family, type, proto, flags):
               ^^^^^^^^^^^^^^^^^^^^^^^^^^^^^^^^^^^^^^^^^^^^^^^^^^^^^^^^^^^
socket.gaierror: [Errno 11001] getaddrinfo failed

The above exception was the direct cause of the following exception:

Traceback (most recent call last):
  File "C:\Users\debas\AppData\Local\Programs\Python\Python312\Lib\site-packages\azure\iot\device\common\pipeline\pipeline_stages_mqtt.py", line 206, in _run_op
    self.transport.connect(password=password)
  File "C:\Users\debas\AppData\Local\Programs\Python\Python312\Lib\site-packages\azure\iot\device\common\mqtt_transport.py", line 419, in connect
    raise exceptions.ConnectionFailedError() from e
azure.iot.device.common.transport_exceptions.ConnectionFailedError

2025-09-19 11:40:03,386 - WARNING - Exception caught in background thread.  Unable to handle.
2025-09-19 11:40:03,386 - INFO - Connect using port 8883 (TCP)
2025-09-19 11:40:03,386 - WARNING - ['azure.iot.device.common.transport_exceptions.ConnectionFailedError\n']
2025-09-19 11:40:03,387 - INFO - Forcing paho disconnect to prevent it from automatically reconnecting
2025-09-19 11:40:03,387 - INFO - transport.connect raised error
2025-09-19 11:40:03,388 - INFO - Traceback (most recent call last):
  File "C:\Users\debas\AppData\Local\Programs\Python\Python312\Lib\site-packages\azure\iot\device\common\mqtt_transport.py", line 396, in connect
    rc = self._mqtt_client.connect(
         ^^^^^^^^^^^^^^^^^^^^^^^^^^
  File "C:\Users\debas\AppData\Local\Programs\Python\Python312\Lib\site-packages\paho\mqtt\client.py", line 914, in connect
    return self.reconnect()
           ^^^^^^^^^^^^^^^^
  File "C:\Users\debas\AppData\Local\Programs\Python\Python312\Lib\site-packages\paho\mqtt\client.py", line 1044, in reconnect
    sock = self._create_socket_connection()
           ^^^^^^^^^^^^^^^^^^^^^^^^^^^^^^^^
  File "C:\Users\debas\AppData\Local\Programs\Python\Python312\Lib\site-packages\paho\mqtt\client.py", line 3685, in _create_socket_connection
    return socket.create_connection(addr, timeout=self._connect_timeout, source_address=source)
           ^^^^^^^^^^^^^^^^^^^^^^^^^^^^^^^^^^^^^^^^^^^^^^^^^^^^^^^^^^^^^^^^^^^^^^^^^^^^^^^^^^^^
  File "C:\Users\debas\AppData\Local\Programs\Python\Python312\Lib\socket.py", line 841, in create_connection
    for res in getaddrinfo(host, port, 0, SOCK_STREAM):
               ^^^^^^^^^^^^^^^^^^^^^^^^^^^^^^^^^^^^^^^
  File "C:\Users\debas\AppData\Local\Programs\Python\Python312\Lib\socket.py", line 976, in getaddrinfo
    for res in _socket.getaddrinfo(host, port, family, type, proto, flags):
               ^^^^^^^^^^^^^^^^^^^^^^^^^^^^^^^^^^^^^^^^^^^^^^^^^^^^^^^^^^^
socket.gaierror: [Errno 11001] getaddrinfo failed

The above exception was the direct cause of the following exception:

Traceback (most recent call last):
  File "C:\Users\debas\AppData\Local\Programs\Python\Python312\Lib\site-packages\azure\iot\device\common\pipeline\pipeline_stages_mqtt.py", line 206, in _run_op
    self.transport.connect(password=password)
  File "C:\Users\debas\AppData\Local\Programs\Python\Python312\Lib\site-packages\azure\iot\device\common\mqtt_transport.py", line 419, in connect
    raise exceptions.ConnectionFailedError() from e
azure.iot.device.common.transport_exceptions.ConnectionFailedError

2025-09-19 11:40:03,389 - WARNING - Exception caught in background thread.  Unable to handle.
2025-09-19 11:40:03,389 - WARNING - ['azure.iot.device.common.transport_exceptions.ConnectionFailedError\n']
2025-09-19 11:40:13,399 - INFO - Connect using port 8883 (TCP)
2025-09-19 11:40:14,270 - INFO - Connect using port 8883 (TCP)
2025-09-19 11:40:14,549 - INFO - connected with result code: 0
2025-09-19 11:40:15,136 - INFO - _on_mqtt_connected called
2025-09-19 11:40:15,137 - INFO - Connection State - Connected
2025-09-19 11:40:15,404 - INFO - connected with result code: 0
2025-09-19 11:40:15,405 - INFO - _on_mqtt_connected called
2025-09-19 11:40:15,406 - INFO - Connection State - Connected
2025-09-19 11:40:39,607 - INFO - disconnected with result code: 7
2025-09-19 11:40:39,607 - INFO - disconnected with result code: 7
2025-09-19 11:40:39,608 - INFO - Forcing paho disconnect to prevent it from automatically reconnecting
2025-09-19 11:40:39,608 - INFO - Forcing paho disconnect to prevent it from automatically reconnecting
2025-09-19 11:40:39,608 - INFO - MQTTTransportStage: _on_mqtt_disconnect called: The connection was lost.
2025-09-19 11:40:39,620 - INFO - MQTTTransportStage: Unexpected disconnect (no pending connection op)
2025-09-19 11:40:39,621 - INFO - Connection State - Disconnected
2025-09-19 11:40:39,621 - INFO - MQTTTransportStage: _on_mqtt_disconnect called: The connection was lost.
2025-09-19 11:40:39,621 - INFO - Cleared all pending method requests due to disconnect
2025-09-19 11:40:39,621 - WARNING - Exception caught in background thread.  Unable to handle.
2025-09-19 11:40:39,621 - INFO - MQTTTransportStage: Unexpected disconnect (no pending connection op)
2025-09-19 11:40:39,621 - WARNING - ['azure.iot.device.common.transport_exceptions.ConnectionDroppedError: Unexpected disconnection\n']
2025-09-19 11:40:39,621 - INFO - Connection State - Disconnected
2025-09-19 11:40:39,621 - INFO - Cleared all pending method requests due to disconnect
2025-09-19 11:40:39,622 - WARNING - Exception caught in background thread.  Unable to handle.
2025-09-19 11:40:39,622 - WARNING - ['azure.iot.device.common.transport_exceptions.ConnectionDroppedError: Unexpected disconnection\n']
2025-09-19 11:40:39,631 - INFO - Connect using port 8883 (TCP)
2025-09-19 11:40:39,644 - INFO - Forcing paho disconnect to prevent it from automatically reconnecting
2025-09-19 11:40:39,644 - INFO - transport.connect raised error
2025-09-19 11:40:39,645 - INFO - Traceback (most recent call last):
  File "C:\Users\debas\AppData\Local\Programs\Python\Python312\Lib\site-packages\azure\iot\device\common\mqtt_transport.py", line 396, in connect
    rc = self._mqtt_client.connect(
         ^^^^^^^^^^^^^^^^^^^^^^^^^^
  File "C:\Users\debas\AppData\Local\Programs\Python\Python312\Lib\site-packages\paho\mqtt\client.py", line 914, in connect
    return self.reconnect()
           ^^^^^^^^^^^^^^^^
  File "C:\Users\debas\AppData\Local\Programs\Python\Python312\Lib\site-packages\paho\mqtt\client.py", line 1044, in reconnect
    sock = self._create_socket_connection()
           ^^^^^^^^^^^^^^^^^^^^^^^^^^^^^^^^
  File "C:\Users\debas\AppData\Local\Programs\Python\Python312\Lib\site-packages\paho\mqtt\client.py", line 3685, in _create_socket_connection
    return socket.create_connection(addr, timeout=self._connect_timeout, source_address=source)
           ^^^^^^^^^^^^^^^^^^^^^^^^^^^^^^^^^^^^^^^^^^^^^^^^^^^^^^^^^^^^^^^^^^^^^^^^^^^^^^^^^^^^
  File "C:\Users\debas\AppData\Local\Programs\Python\Python312\Lib\socket.py", line 841, in create_connection
    for res in getaddrinfo(host, port, 0, SOCK_STREAM):
               ^^^^^^^^^^^^^^^^^^^^^^^^^^^^^^^^^^^^^^^
  File "C:\Users\debas\AppData\Local\Programs\Python\Python312\Lib\socket.py", line 976, in getaddrinfo
    for res in _socket.getaddrinfo(host, port, family, type, proto, flags):
               ^^^^^^^^^^^^^^^^^^^^^^^^^^^^^^^^^^^^^^^^^^^^^^^^^^^^^^^^^^^
socket.gaierror: [Errno 11001] getaddrinfo failed

The above exception was the direct cause of the following exception:

Traceback (most recent call last):
  File "C:\Users\debas\AppData\Local\Programs\Python\Python312\Lib\site-packages\azure\iot\device\common\pipeline\pipeline_stages_mqtt.py", line 206, in _run_op
    self.transport.connect(password=password)
  File "C:\Users\debas\AppData\Local\Programs\Python\Python312\Lib\site-packages\azure\iot\device\common\mqtt_transport.py", line 419, in connect
    raise exceptions.ConnectionFailedError() from e
azure.iot.device.common.transport_exceptions.ConnectionFailedError

2025-09-19 11:40:39,646 - WARNING - Exception caught in background thread.  Unable to handle.
2025-09-19 11:40:39,646 - WARNING - ['azure.iot.device.common.transport_exceptions.ConnectionFailedError\n']
2025-09-19 11:40:39,646 - INFO - Connect using port 8883 (TCP)
2025-09-19 11:40:39,647 - INFO - Forcing paho disconnect to prevent it from automatically reconnecting
2025-09-19 11:40:39,647 - INFO - transport.connect raised error
2025-09-19 11:40:39,648 - INFO - Traceback (most recent call last):
  File "C:\Users\debas\AppData\Local\Programs\Python\Python312\Lib\site-packages\azure\iot\device\common\mqtt_transport.py", line 396, in connect
    rc = self._mqtt_client.connect(
         ^^^^^^^^^^^^^^^^^^^^^^^^^^
  File "C:\Users\debas\AppData\Local\Programs\Python\Python312\Lib\site-packages\paho\mqtt\client.py", line 914, in connect
    return self.reconnect()
           ^^^^^^^^^^^^^^^^
  File "C:\Users\debas\AppData\Local\Programs\Python\Python312\Lib\site-packages\paho\mqtt\client.py", line 1044, in reconnect
    sock = self._create_socket_connection()
           ^^^^^^^^^^^^^^^^^^^^^^^^^^^^^^^^
  File "C:\Users\debas\AppData\Local\Programs\Python\Python312\Lib\site-packages\paho\mqtt\client.py", line 3685, in _create_socket_connection
    return socket.create_connection(addr, timeout=self._connect_timeout, source_address=source)
           ^^^^^^^^^^^^^^^^^^^^^^^^^^^^^^^^^^^^^^^^^^^^^^^^^^^^^^^^^^^^^^^^^^^^^^^^^^^^^^^^^^^^
  File "C:\Users\debas\AppData\Local\Programs\Python\Python312\Lib\socket.py", line 841, in create_connection
    for res in getaddrinfo(host, port, 0, SOCK_STREAM):
               ^^^^^^^^^^^^^^^^^^^^^^^^^^^^^^^^^^^^^^^
  File "C:\Users\debas\AppData\Local\Programs\Python\Python312\Lib\socket.py", line 976, in getaddrinfo
    for res in _socket.getaddrinfo(host, port, family, type, proto, flags):
               ^^^^^^^^^^^^^^^^^^^^^^^^^^^^^^^^^^^^^^^^^^^^^^^^^^^^^^^^^^^
socket.gaierror: [Errno 11001] getaddrinfo failed

The above exception was the direct cause of the following exception:

Traceback (most recent call last):
  File "C:\Users\debas\AppData\Local\Programs\Python\Python312\Lib\site-packages\azure\iot\device\common\pipeline\pipeline_stages_mqtt.py", line 206, in _run_op
    self.transport.connect(password=password)
  File "C:\Users\debas\AppData\Local\Programs\Python\Python312\Lib\site-packages\azure\iot\device\common\mqtt_transport.py", line 419, in connect
    raise exceptions.ConnectionFailedError() from e
azure.iot.device.common.transport_exceptions.ConnectionFailedError

2025-09-19 11:40:39,649 - WARNING - Exception caught in background thread.  Unable to handle.
2025-09-19 11:40:39,649 - WARNING - ['azure.iot.device.common.transport_exceptions.ConnectionFailedError\n']
2025-09-19 11:40:49,650 - INFO - Connect using port 8883 (TCP)
2025-09-19 11:40:50,476 - INFO - Connect using port 8883 (TCP)
2025-09-19 11:40:50,733 - INFO - connected with result code: 0
2025-09-19 11:40:51,322 - INFO - _on_mqtt_connected called
2025-09-19 11:40:51,326 - INFO - Connection State - Connected
2025-09-19 11:40:51,589 - INFO - connected with result code: 0
2025-09-19 11:40:51,591 - INFO - _on_mqtt_connected called
2025-09-19 11:40:51,591 - INFO - Connection State - Connected
2025-09-19 11:48:23,846 - INFO - 1 change detected
2025-09-19 11:48:24,048 - INFO - Disconnecting from Hub...
2025-09-19 11:48:24,052 - INFO - disconnecting MQTT client
2025-09-19 11:48:24,054 - INFO - disconnected with result code: 0
2025-09-19 11:48:24,056 - INFO - MQTTTransportStage: _on_mqtt_disconnect called
2025-09-19 11:48:24,058 - INFO - Connection State - Disconnected
2025-09-19 11:48:24,059 - INFO - Cleared all pending method requests due to disconnect
2025-09-19 11:48:24,062 - INFO - Successfully disconnected from Hub
2025-09-19 11:48:24,063 - INFO - Disconnecting from Hub...
2025-09-19 11:48:24,066 - INFO - disconnecting MQTT client
2025-09-19 11:48:24,068 - INFO - disconnected with result code: 0
2025-09-19 11:48:24,071 - INFO - MQTTTransportStage: _on_mqtt_disconnect called
2025-09-19 11:48:24,072 - INFO - Connection State - Disconnected
2025-09-19 11:48:24,073 - INFO - Cleared all pending method requests due to disconnect
2025-09-19 11:48:24,076 - INFO - Successfully disconnected from Hub
2025-09-19 11:48:24,077 - INFO - Application shutdown complete
2025-09-19 11:48:24,596 - INFO - 1 change detected
2025-09-19 11:48:25,069 - INFO - Loaded 10 devices
2025-09-19 11:48:25,110 - INFO - 1 change detected
2025-09-19 11:48:25,464 - INFO - 1 change detected
2025-09-19 11:48:37,327 - INFO - 1 change detected
2025-09-19 11:48:37,494 - INFO - Application shutdown complete
2025-09-19 11:48:37,954 - INFO - 1 change detected
2025-09-19 11:48:38,414 - INFO - 1 change detected
2025-09-19 11:48:54,037 - INFO - 1 change detected
2025-09-19 11:48:54,697 - INFO - 1 change detected
2025-09-19 11:49:27,586 - INFO - 1 change detected
2025-09-19 11:49:42,175 - INFO - 1 change detected
2025-09-19 11:50:44,012 - INFO - 1 change detected
2025-09-19 11:52:37,525 - INFO - 1 change detected
2025-09-19 11:52:55,038 - INFO - 4 changes detected
2025-09-19 11:52:55,757 - INFO - 5 changes detected
2025-09-19 11:53:25,935 - INFO - 1 change detected
2025-09-19 11:53:37,525 - INFO - 1 change detected
2025-09-19 11:53:38,541 - INFO - 5 changes detected
2025-09-19 11:55:21,096 - INFO - 1 change detected
2025-09-19 11:55:33,956 - INFO - 1 change detected
2025-09-19 11:55:34,666 - INFO - 4 changes detected
2025-09-19 12:00:09,344 - INFO - 1 change detected
2025-09-19 12:00:40,569 - INFO - 1 change detected
2025-09-19 12:00:41,239 - INFO - 1 change detected
2025-09-19 12:00:41,600 - INFO - 1 change detected
2025-09-19 12:01:28,867 - INFO - 1 change detected
2025-09-19 12:05:10,433 - INFO - 1 change detected
2025-09-19 12:05:10,793 - INFO - 1 change detected
2025-09-19 12:08:18,423 - INFO - 1 change detected
2025-09-19 12:09:37,404 - INFO - 1 change detected
2025-09-19 12:09:37,757 - INFO - 1 change detected
2025-09-19 12:09:38,474 - INFO - 1 change detected
2025-09-19 12:14:53,233 - INFO - 1 change detected
2025-09-19 12:14:53,913 - INFO - 2 changes detected
2025-09-19 12:14:54,376 - INFO - 1 change detected
2025-09-19 12:15:45,871 - INFO - 1 change detected
2025-09-19 12:15:46,518 - INFO - 1 change detected
2025-09-19 12:15:46,878 - INFO - 1 change detected
2025-09-19 12:17:04,166 - INFO - 1 change detected
2025-09-19 12:17:04,822 - INFO - 1 change detected
2025-09-19 12:17:05,331 - INFO - 1 change detected
2025-09-19 12:17:34,018 - INFO - 1 change detected
2025-09-19 12:17:34,664 - INFO - 1 change detected
2025-09-19 12:17:35,026 - INFO - 4 changes detected
2025-09-19 12:17:50,419 - INFO - 1 change detected
2025-09-19 12:18:41,468 - INFO - 1 change detected
2025-09-19 12:18:58,389 - INFO - 1 change detected
2025-09-19 12:19:07,899 - INFO - 1 change detected
2025-09-19 12:19:29,939 - INFO - 1 change detected
2025-09-19 12:19:50,515 - INFO - 1 change detected
2025-09-19 12:20:01,229 - INFO - 1 change detected
2025-09-19 12:21:00,230 - INFO - 1 change detected
2025-09-19 12:21:01,057 - INFO - 21 changes detected
2025-09-19 12:21:12,646 - INFO - 1 change detected
2025-09-19 12:21:13,461 - INFO - 1 change detected
2025-09-19 12:21:36,032 - INFO - 3 changes detected
2025-09-19 12:22:05,097 - INFO - 3 changes detected
2025-09-19 12:22:14,727 - INFO - 1 change detected
2025-09-19 12:22:15,080 - INFO - 1 change detected
2025-09-19 12:22:24,322 - INFO - 3 changes detected
2025-09-19 12:22:25,135 - INFO - 1 change detected
2025-09-19 12:22:33,428 - INFO - 3 changes detected
2025-09-19 12:22:33,789 - INFO - 3 changes detected
2025-09-19 12:22:34,147 - INFO - 3 changes detected
2025-09-19 12:22:34,502 - INFO - 4 changes detected
2025-09-19 12:22:34,860 - INFO - 4 changes detected
2025-09-19 12:22:35,217 - INFO - 4 changes detected
2025-09-19 12:22:35,575 - INFO - 4 changes detected
2025-09-19 12:22:36,592 - INFO - 3 changes detected
2025-09-19 12:22:36,946 - INFO - 4 changes detected
2025-09-19 12:22:37,306 - INFO - 3 changes detected
2025-09-19 12:22:37,664 - INFO - 4 changes detected
2025-09-19 12:22:38,024 - INFO - 3 changes detected
2025-09-19 12:22:38,380 - INFO - 4 changes detected
2025-09-19 12:22:38,738 - INFO - 3 changes detected
2025-09-19 12:26:02,634 - INFO - 2 changes detected
2025-09-19 12:27:13,115 - INFO - 1 change detected
2025-09-19 12:27:13,478 - INFO - 1 change detected
2025-09-19 12:27:58,308 - INFO - 1 change detected
2025-09-19 12:29:14,348 - INFO - 1 change detected
2025-09-19 12:29:14,703 - INFO - 1 change detected
2025-09-19 12:29:15,162 - INFO - 1 change detected
2025-09-19 12:30:08,814 - INFO - 1 change detected
2025-09-19 12:30:19,768 - INFO - 1 change detected
2025-09-19 12:30:20,407 - INFO - 3 changes detected
2025-09-19 12:30:20,918 - INFO - 6 changes detected
2025-09-19 12:30:42,398 - INFO - 1 change detected
2025-09-19 12:30:43,066 - INFO - 1 change detected
2025-09-19 12:30:43,423 - INFO - 8 changes detected
2025-09-19 12:30:56,487 - INFO - 1 change detected
2025-09-19 12:30:57,099 - INFO - 1 change detected
2025-09-19 12:30:57,460 - INFO - 8 changes detected
2025-09-19 12:31:13,245 - INFO - 1 change detected
2025-09-19 12:31:13,840 - INFO - 1 change detected
2025-09-19 12:31:14,201 - INFO - 6 changes detected
2025-09-19 12:31:42,465 - INFO - 1 change detected
2025-09-19 12:31:43,147 - INFO - 1 change detected
2025-09-19 12:31:43,507 - INFO - 8 changes detected
2025-09-19 12:32:17,617 - INFO - 1 change detected
2025-09-19 12:32:18,531 - INFO - 1 change detected
2025-09-19 12:32:22,418 - INFO - 3 changes detected
2025-09-19 12:35:51,530 - INFO - 1 change detected
2025-09-19 12:35:52,249 - INFO - 3 changes detected
2025-09-19 12:35:52,809 - INFO - 1 change detected
2025-09-19 12:35:53,178 - INFO - 1 change detected
2025-09-19 12:36:05,811 - INFO - 1 change detected
2025-09-19 12:36:06,610 - INFO - 1 change detected
2025-09-19 12:36:07,018 - INFO - 16 changes detected
2025-09-19 12:36:23,496 - INFO - 3 changes detected
2025-09-19 12:36:30,365 - INFO - 3 changes detected
2025-09-19 12:37:34,623 - INFO - 1 change detected
2025-09-19 12:37:35,383 - INFO - 3 changes detected
2025-09-19 12:37:35,895 - INFO - 10 changes detected
2025-09-19 12:37:53,188 - INFO - 1 change detected
2025-09-19 12:37:53,979 - INFO - 1 change detected
2025-09-19 12:37:54,390 - INFO - 6 changes detected
2025-09-19 12:38:17,739 - INFO - 1 change detected
2025-09-19 12:38:18,511 - INFO - 1 change detected
2025-09-19 12:38:18,922 - INFO - 6 changes detected
2025-09-19 12:38:40,779 - INFO - 1 change detected
2025-09-19 12:38:41,540 - INFO - 1 change detected
2025-09-19 12:38:41,947 - INFO - 10 changes detected
2025-09-19 12:38:52,500 - INFO - 1 change detected
2025-09-19 12:38:53,353 - INFO - 1 change detected
2025-09-19 12:38:53,762 - INFO - 8 changes detected
2025-09-19 12:39:02,263 - INFO - 1 change detected
2025-09-19 12:39:03,049 - INFO - 1 change detected
2025-09-19 12:39:03,459 - INFO - 8 changes detected
2025-09-19 12:39:18,391 - INFO - 1 change detected
2025-09-19 12:39:28,396 - INFO - 1 change detected
2025-09-19 12:39:37,266 - INFO - 1 change detected
2025-09-19 12:39:37,774 - INFO - 1 change detected
2025-09-19 12:39:41,328 - INFO - 1 change detected
2025-09-19 12:40:23,811 - INFO - 1 change detected
2025-09-19 12:40:24,470 - INFO - 1 change detected
2025-09-19 12:40:25,085 - INFO - 1 change detected
2025-09-19 12:41:33,265 - INFO - 1 change detected
2025-09-19 12:41:33,619 - INFO - 1 change detected
2025-09-19 12:41:45,260 - INFO - 4 changes detected
2025-09-19 12:41:57,816 - INFO - 1 change detected
2025-09-19 12:41:58,504 - INFO - 1 change detected
2025-09-19 12:41:58,964 - INFO - 1 change detected
2025-09-19 12:42:10,398 - INFO - 5 changes detected
2025-09-19 12:42:14,694 - INFO - 3 changes detected
2025-09-19 12:42:16,919 - INFO - 3 changes detected
2025-09-19 12:42:19,200 - INFO - 3 changes detected
2025-09-19 12:42:21,390 - INFO - 3 changes detected
2025-09-19 12:42:40,321 - INFO - 3 changes detected
2025-09-19 12:43:27,678 - INFO - 3 changes detected
2025-09-19 12:43:34,167 - INFO - 3 changes detected
2025-09-19 12:43:41,408 - INFO - 1 change detected
2025-09-19 12:43:46,720 - INFO - 3 changes detected
2025-09-19 12:44:00,179 - INFO - 3 changes detected
2025-09-19 12:44:05,092 - INFO - 3 changes detected
2025-09-19 12:44:05,458 - INFO - 3 changes detected
2025-09-19 12:44:39,643 - INFO - 3 changes detected
2025-09-19 12:44:43,839 - INFO - 1 change detected
2025-09-19 12:44:44,201 - INFO - 1 change detected
